student_id,week,attendance,debts,avg_score
1,1,94,0,4.9
1,2,75,0,4.5
1,3,76,0,4.5
1,4,83,0,4.7
1,5,65,0,4.3
1,6,64,1,3.8
1,7,57,1,3.6
1,8,54,1,3.6
1,9,45,2,2.9
1,10,42,2,2.8
1,11,38,3,2.3
1,12,64,4,2.3
2,1,87,0,4.7
2,2,77,0,4.5
2,3,79,0,4.6
2,4,69,0,4.4
2,5,78,0,4.6
2,6,56,1,3.6
2,7,65,1,3.8
2,8,68,1,3.9
2,9,54,1,3.6
2,10,45,1,3.4
2,11,49,1,3.5
2,12,33,1,3.2
3,1,88,0,4.8
3,2,82,0,4.6
3,3,87,0,4.7
3,4,85,0,4.7
3,5,92,0,4.8
3,6,94,0,4.9
3,7,100,0,5.0
3,8,96,0,4.9
3,9,89,0,4.8
3,10,80,0,4.6
3,11,82,0,4.6
3,12,84,0,4.7
4,1,100,0,5.0
4,2,94,0,4.9
4,3,94,0,4.9
4,4,90,0,4.8
4,5,92,0,4.8
4,6,99,0,5.0
4,7,89,0,4.8
4,8,90,0,4.8
4,9,82,0,4.6
4,10,83,0,4.7
4,11,85,0,4.7
4,12,86,0,4.7
5,1,95,0,4.9
5,2,90,0,4.8
5,3,96,0,4.9
5,4,99,0,5.0
5,5,94,0,4.9
5,6,87,0,4.7
5,7,93,0,4.9
5,8,98,0,5.0
5,9,96,0,4.9
5,10,97,0,4.9
5,11,100,0,5.0
5,12,91,0,4.8
6,1,98,0,5.0
6,2,80,0,4.6
6,3,89,0,4.8
6,4,99,0,5.0
6,5,98,0,5.0
6,6,87,0,4.7
6,7,88,0,4.8
6,8,91,0,4.8
6,9,93,0,4.9
6,10,91,0,4.8
6,11,85,0,4.7
6,12,85,0,4.7
7,1,80,0,4.6
7,2,82,0,4.6
7,3,96,0,4.9
7,4,80,0,4.6
7,5,90,0,4.8
7,6,86,0,4.7
7,7,88,0,4.8
7,8,85,0,4.7
7,9,82,0,4.6
7,10,82,0,4.6
7,11,100,0,5.0
7,12,87,0,4.7
8,1,83,0,4.7
8,2,82,0,4.6
8,3,91,0,4.8
8,4,88,0,4.8
8,5,94,0,4.9
8,6,96,0,4.9
8,7,95,0,4.9
8,8,86,0,4.7
8,9,93,0,4.9
8,10,81,0,4.6
8,11,86,0,4.7
8,12,85,0,4.7
9,1,99,0,5.0
9,2,91,0,4.8
9,3,91,0,4.8
9,4,93,0,4.9
9,5,84,0,4.7
9,6,93,0,4.9
9,7,89,0,4.8
9,8,82,0,4.6
9,9,80,0,4.6
9,10,86,0,4.7
9,11,87,0,4.7
9,12,87,0,4.7
10,1,100,0,5.0
10,2,98,0,5.0
10,3,88,0,4.8
10,4,81,0,4.6
10,5,89,0,4.8
10,6,93,0,4.9
10,7,84,0,4.7
10,8,4,1,2.6
10,9,1,2,2.0
10,10,10,2,2.2
10,11,0,2,2.0
10,12,0,2,2.0
11,1,80,0,4.6
11,2,97,0,4.9
11,3,84,0,4.7
11,4,85,0,4.7
11,5,96,0,4.9
11,6,82,0,4.6
11,7,98,0,5.0
11,8,99,0,5.0
11,9,81,0,4.6
11,10,91,0,4.8
11,11,93,0,4.9
11,12,94,0,4.9
12,1,92,0,4.8
12,2,82,0,4.6
12,3,93,0,4.9
12,4,89,0,4.8
12,5,100,0,5.0
12,6,80,0,4.6
12,7,84,0,4.7
12,8,100,0,5.0
12,9,89,0,4.8
12,10,85,0,4.7
12,11,96,0,4.9
12,12,100,0,5.0
13,1,85,0,4.7
13,2,97,0,4.9
13,3,84,0,4.7
13,4,85,0,4.7
13,5,90,0,4.8
13,6,80,0,4.6
13,7,92,0,4.8
13,8,80,0,4.6
13,9,98,0,5.0
13,10,80,0,4.6
13,11,80,0,4.6
13,12,86,0,4.7
14,1,96,0,4.9
14,2,82,0,4.6
14,3,66,0,4.3
14,4,69,1,3.9
14,5,78,1,4.1
14,6,66,1,3.8
14,7,63,1,3.8
14,8,76,1,4.0
14,9,59,2,3.2
14,10,61,2,3.2
14,11,39,2,2.8
14,12,40,3,2.3
15,1,92,0,4.8
15,2,81,0,4.6
15,3,97,0,4.9
15,4,86,0,4.7
15,5,82,0,4.6
15,6,88,0,4.8
15,7,92,0,4.8
15,8,98,0,5.0
15,9,89,0,4.8
15,10,83,0,4.7
15,11,81,0,4.6
15,12,85,0,4.7
16,1,89,0,4.8
16,2,81,0,4.6
16,3,80,0,4.6
16,4,98,0,5.0
16,5,97,0,4.9
16,6,100,0,5.0
16,7,86,0,4.7
16,8,92,0,4.8
16,9,95,0,4.9
16,10,86,0,4.7
16,11,95,0,4.9
16,12,97,0,4.9
17,1,82,0,4.6
17,2,80,0,4.6
17,3,90,0,4.8
17,4,84,0,4.7
17,5,90,0,4.8
17,6,84,0,4.7
17,7,90,0,4.8
17,8,100,0,5.0
17,9,94,0,4.9
17,10,87,0,4.7
17,11,87,0,4.7
17,12,93,0,4.9
18,1,80,0,4.6
18,2,97,0,4.9
18,3,91,0,4.8
18,4,98,0,5.0
18,5,90,0,4.8
18,6,85,0,4.7
18,7,84,0,4.7
18,8,86,0,4.7
18,9,91,0,4.8
18,10,92,0,4.8
18,11,88,0,4.8
18,12,80,0,4.6
19,1,96,0,4.9
19,2,93,0,4.9
19,3,95,0,4.9
19,4,84,0,4.7
19,5,86,0,4.7
19,6,94,0,4.9
19,7,89,0,4.8
19,8,85,0,4.7
19,9,83,0,4.7
19,10,82,0,4.6
19,11,91,0,4.8
19,12,90,0,4.8
20,1,91,0,4.8
20,2,88,0,4.8
20,3,98,0,5.0
20,4,86,0,4.7
20,5,96,0,4.9
20,6,84,0,4.7
20,7,88,0,4.8
20,8,1,0,3.0
20,9,17,0,3.3
20,10,1,0,3.0
20,11,24,0,3.5
20,12,24,0,3.5
21,1,96,0,4.9
21,2,87,0,4.7
21,3,84,0,4.7
21,4,87,0,4.7
21,5,81,0,4.6
21,6,95,0,4.9
21,7,90,0,4.8
21,8,100,0,5.0
21,9,99,0,5.0
21,10,83,0,4.7
21,11,86,0,4.7
21,12,84,0,4.7
22,1,85,0,4.7
22,2,80,0,4.6
22,3,88,0,4.8
22,4,81,0,4.6
22,5,88,0,4.8
22,6,80,0,4.6
22,7,95,0,4.9
22,8,89,0,4.8
22,9,99,0,5.0
22,10,97,0,4.9
22,11,95,0,4.9
22,12,83,0,4.7
23,1,92,0,4.8
23,2,86,0,4.7
23,3,84,0,4.7
23,4,99,0,5.0
23,5,87,0,4.7
23,6,94,0,4.9
23,7,94,0,4.9
23,8,86,0,4.7
23,9,98,0,5.0
23,10,93,0,4.9
23,11,80,0,4.6
23,12,91,0,4.8
24,1,81,0,4.6
24,2,95,0,4.9
24,3,92,0,4.8
24,4,91,0,4.8
24,5,92,0,4.8
24,6,94,0,4.9
24,7,92,0,4.8
24,8,83,0,4.7
24,9,93,0,4.9
24,10,95,0,4.9
24,11,92,0,4.8
24,12,100,0,5.0
25,1,92,0,4.8
25,2,86,0,4.7
25,3,99,0,5.0
25,4,85,0,4.7
25,5,99,0,5.0
25,6,93,0,4.9
25,7,80,0,4.6
25,8,94,0,4.9
25,9,98,0,5.0
25,10,98,0,5.0
25,11,93,0,4.9
25,12,99,0,5.0
26,1,85,0,4.7
26,2,87,0,4.7
26,3,82,0,4.6
26,4,92,0,4.8
26,5,86,0,4.7
26,6,99,0,5.0
26,7,91,0,4.8
26,8,89,0,4.8
26,9,83,0,4.7
26,10,80,0,4.6
26,11,92,0,4.8
26,12,93,0,4.9
27,1,96,0,4.9
27,2,90,0,4.8
27,3,89,0,4.8
27,4,96,0,4.9
27,5,87,0,4.7
27,6,85,0,4.7
27,7,99,0,5.0
27,8,89,0,4.8
27,9,99,0,5.0
27,10,95,0,4.9
27,11,85,0,4.7
27,12,98,0,5.0
28,1,99,0,5.0
28,2,82,0,4.6
28,3,81,0,4.6
28,4,84,0,4.7
28,5,91,0,4.8
28,6,98,0,5.0
28,7,83,0,4.7
28,8,88,0,4.8
28,9,85,0,4.7
28,10,84,0,4.7
28,11,95,0,4.9
28,12,98,0,5.0
29,1,93,0,4.9
29,2,82,0,4.6
29,3,88,0,4.8
29,4,81,0,4.6
29,5,95,0,4.9
29,6,82,0,4.6
29,7,97,0,4.9
29,8,82,0,4.6
29,9,87,0,4.7
29,10,80,0,4.6
29,11,86,0,4.7
29,12,81,0,4.6
30,1,92,0,4.8
30,2,81,0,4.6
30,3,83,0,4.7
30,4,81,0,4.6
30,5,82,0,4.6
30,6,86,0,4.7
30,7,82,0,4.6
30,8,92,0,4.8
30,9,99,0,5.0
30,10,91,0,4.8
30,11,95,0,4.9
30,12,99,0,5.0
31,1,99,0,5.0
31,2,93,0,4.9
31,3,87,0,4.7
31,4,89,0,4.8
31,5,81,0,4.6
31,6,93,0,4.9
31,7,90,0,4.8
31,8,87,0,4.7
31,9,90,0,4.8
31,10,84,0,4.7
31,11,84,0,4.7
31,12,84,0,4.7
32,1,93,0,4.9
32,2,86,0,4.7
32,3,98,0,5.0
32,4,82,0,4.6
32,5,97,0,4.9
32,6,92,0,4.8
32,7,91,0,4.8
32,8,87,0,4.7
32,9,96,0,4.9
32,10,80,0,4.6
32,11,96,0,4.9
32,12,84,0,4.7
33,1,80,0,4.6
33,2,93,0,4.9
33,3,92,0,4.8
33,4,100,0,5.0
33,5,88,0,4.8
33,6,91,0,4.8
33,7,86,0,4.7
33,8,92,0,4.8
33,9,98,0,5.0
33,10,89,0,4.8
33,11,85,0,4.7
33,12,94,0,4.9
34,1,90,0,4.8
34,2,94,0,4.9
34,3,89,0,4.8
34,4,82,0,4.6
34,5,99,0,5.0
34,6,83,0,4.7
34,7,89,0,4.8
34,8,88,0,4.8
34,9,85,0,4.7
34,10,86,0,4.7
34,11,100,0,5.0
34,12,84,0,4.7
35,1,90,0,4.8
35,2,97,0,4.9
35,3,91,0,4.8
35,4,95,0,4.9
35,5,90,0,4.8
35,6,87,0,4.7
35,7,96,0,4.9
35,8,18,1,2.9
35,9,20,2,2.4
35,10,30,2,2.6
35,11,9,3,2.0
35,12,2,3,2.0
36,1,93,0,4.9
36,2,81,0,4.6
36,3,96,0,4.9
36,4,93,0,4.9
36,5,84,0,4.7
36,6,87,0,4.7
36,7,84,0,4.7
36,8,80,0,4.6
36,9,100,0,5.0
36,10,87,0,4.7
36,11,89,0,4.8
36,12,92,0,4.8
37,1,88,0,4.8
37,2,78,0,4.6
37,3,71,0,4.4
37,4,80,0,4.6
37,5,66,1,3.8
37,6,65,1,3.8
37,7,54,2,3.1
37,8,76,3,3.0
37,9,51,3,2.5
37,10,46,4,2.0
37,11,47,5,2.0
37,12,28,5,2.0
38,1,88,0,4.8
38,2,99,0,5.0
38,3,88,0,4.8
38,4,97,0,4.9
38,5,81,0,4.6
38,6,84,0,4.7
38,7,89,0,4.8
38,8,83,0,4.7
38,9,87,0,4.7
38,10,85,0,4.7
38,11,100,0,5.0
38,12,94,0,4.9
39,1,83,0,4.7
39,2,95,0,4.9
39,3,82,0,4.6
39,4,83,0,4.7
39,5,90,0,4.8
39,6,85,0,4.7
39,7,97,0,4.9
39,8,88,0,4.8
39,9,98,0,5.0
39,10,85,0,4.7
39,11,95,0,4.9
39,12,95,0,4.9
40,1,88,0,4.8
40,2,91,0,4.8
40,3,88,0,4.8
40,4,91,0,4.8
40,5,94,0,4.9
40,6,88,0,4.8
40,7,88,0,4.8
40,8,88,0,4.8
40,9,88,0,4.8
40,10,81,0,4.6
40,11,82,0,4.6
40,12,97,0,4.9
41,1,92,0,4.8
41,2,91,0,4.8
41,3,90,0,4.8
41,4,82,0,4.6
41,5,81,0,4.6
41,6,87,0,4.7
41,7,95,0,4.9
41,8,97,0,4.9
41,9,98,0,5.0
41,10,90,0,4.8
41,11,80,0,4.6
41,12,96,0,4.9
42,1,90,0,4.8
42,2,82,0,4.6
42,3,86,0,4.7
42,4,99,0,5.0
42,5,85,0,4.7
42,6,83,0,4.7
42,7,85,0,4.7
42,8,92,0,4.8
42,9,92,0,4.8
42,10,92,0,4.8
42,11,92,0,4.8
42,12,96,0,4.9
43,1,86,0,4.7
43,2,90,0,4.8
43,3,93,0,4.9
43,4,95,0,4.9
43,5,80,0,4.6
43,6,88,0,4.8
43,7,80,0,4.6
43,8,95,0,4.9
43,9,98,0,5.0
43,10,95,0,4.9
43,11,93,0,4.9
43,12,82,0,4.6
44,1,83,0,4.7
44,2,95,0,4.9
44,3,94,0,4.9
44,4,85,0,4.7
44,5,84,0,4.7
44,6,88,0,4.8
44,7,80,0,4.6
44,8,82,0,4.6
44,9,95,0,4.9
44,10,91,0,4.8
44,11,83,0,4.7
44,12,83,0,4.7
45,1,80,0,4.6
45,2,99,0,5.0
45,3,98,0,5.0
45,4,87,0,4.7
45,5,95,0,4.9
45,6,96,0,4.9
45,7,80,0,4.6
45,8,82,0,4.6
45,9,90,0,4.8
45,10,81,0,4.6
45,11,93,0,4.9
45,12,93,0,4.9
46,1,81,0,4.6
46,2,91,0,4.8
46,3,85,0,4.7
46,4,84,0,4.7
46,5,87,0,4.7
46,6,80,0,4.6
46,7,80,0,4.6
46,8,92,0,4.8
46,9,83,0,4.7
46,10,95,0,4.9
46,11,95,0,4.9
46,12,92,0,4.8
47,1,93,0,4.9
47,2,96,0,4.9
47,3,92,0,4.8
47,4,87,0,4.7
47,5,96,0,4.9
47,6,86,0,4.7
47,7,95,0,4.9
47,8,98,0,5.0
47,9,82,0,4.6
47,10,93,0,4.9
47,11,83,0,4.7
47,12,100,0,5.0
48,1,95,0,4.9
48,2,98,0,5.0
48,3,84,0,4.7
48,4,97,0,4.9
48,5,80,0,4.6
48,6,89,0,4.8
48,7,95,0,4.9
48,8,89,0,4.8
48,9,97,0,4.9
48,10,84,0,4.7
48,11,94,0,4.9
48,12,81,0,4.6
49,1,82,0,4.6
49,2,83,0,4.7
49,3,98,0,5.0
49,4,90,0,4.8
49,5,99,0,5.0
49,6,92,0,4.8
49,7,86,0,4.7
49,8,83,0,4.7
49,9,87,0,4.7
49,10,96,0,4.9
49,11,85,0,4.7
49,12,94,0,4.9
50,1,88,0,4.8
50,2,85,0,4.7
50,3,82,0,4.6
50,4,99,0,5.0
50,5,95,0,4.9
50,6,99,0,5.0
50,7,90,0,4.8
50,8,100,0,5.0
50,9,91,0,4.8
50,10,97,0,4.9
50,11,91,0,4.8
50,12,90,0,4.8
51,1,100,0,5.0
51,2,93,0,4.9
51,3,100,0,5.0
51,4,94,0,4.9
51,5,89,0,4.8
51,6,99,0,5.0
51,7,95,0,4.9
51,8,94,0,4.9
51,9,84,0,4.7
51,10,82,0,4.6
51,11,80,0,4.6
51,12,84,0,4.7
52,1,89,0,4.8
52,2,86,0,4.7
52,3,100,0,5.0
52,4,100,0,5.0
52,5,81,0,4.6
52,6,96,0,4.9
52,7,85,0,4.7
52,8,90,0,4.8
52,9,80,0,4.6
52,10,95,0,4.9
52,11,86,0,4.7
52,12,98,0,5.0
53,1,82,0,4.6
53,2,76,0,4.5
53,3,73,0,4.5
53,4,71,0,4.4
53,5,66,0,4.3
53,6,59,0,4.2
53,7,71,0,4.4
53,8,49,0,4.0
53,9,40,0,3.8
53,10,34,1,3.2
53,11,49,1,3.5
53,12,29,1,3.1
54,1,98,0,5.0
54,2,81,0,4.6
54,3,84,0,4.7
54,4,82,0,4.6
54,5,97,0,4.9
54,6,80,0,4.6
54,7,94,0,4.9
54,8,94,0,4.9
54,9,86,0,4.7
54,10,81,0,4.6
54,11,97,0,4.9
54,12,91,0,4.8
55,1,87,0,4.7
55,2,87,0,4.7
55,3,99,0,5.0
55,4,94,0,4.9
55,5,82,0,4.6
55,6,84,0,4.7
55,7,94,0,4.9
55,8,97,0,4.9
55,9,96,0,4.9
55,10,95,0,4.9
55,11,80,0,4.6
55,12,86,0,4.7
56,1,83,0,4.7
56,2,94,0,4.9
56,3,89,0,4.8
56,4,95,0,4.9
56,5,86,0,4.7
56,6,95,0,4.9
56,7,85,0,4.7
56,8,96,0,4.9
56,9,86,0,4.7
56,10,100,0,5.0
56,11,82,0,4.6
56,12,96,0,4.9
57,1,81,0,4.6
57,2,96,0,4.9
57,3,94,0,4.9
57,4,92,0,4.8
57,5,83,0,4.7
57,6,94,0,4.9
57,7,93,0,4.9
57,8,84,0,4.7
57,9,91,0,4.8
57,10,92,0,4.8
57,11,84,0,4.7
57,12,89,0,4.8
58,1,96,0,4.9
58,2,84,0,4.7
58,3,75,0,4.5
58,4,68,1,3.9
58,5,71,2,3.4
58,6,63,2,3.3
58,7,74,3,3.0
58,8,54,4,2.1
58,9,46,4,2.0
58,10,46,4,2.0
58,11,45,4,2.0
58,12,40,4,2.0
59,1,82,0,4.6
59,2,84,0,4.7
59,3,83,0,4.7
59,4,90,0,4.8
59,5,98,0,5.0
59,6,80,0,4.6
59,7,81,0,4.6
59,8,90,0,4.8
59,9,100,0,5.0
59,10,95,0,4.9
59,11,80,0,4.6
59,12,91,0,4.8
60,1,87,0,4.7
60,2,90,0,4.8
60,3,93,0,4.9
60,4,87,0,4.7
60,5,91,0,4.8
60,6,82,0,4.6
60,7,87,0,4.7
60,8,100,0,5.0
60,9,86,0,4.7
60,10,92,0,4.8
60,11,88,0,4.8
60,12,90,0,4.8
61,1,80,0,4.6
61,2,74,0,4.5
61,3,75,0,4.5
61,4,84,1,4.2
61,5,66,1,3.8
61,6,54,1,3.6
61,7,76,1,4.0
61,8,51,2,3.0
61,9,69,3,2.9
61,10,43,3,2.4
61,11,64,3,2.8
61,12,52,4,2.0
62,1,95,0,4.9
62,2,96,0,4.9
62,3,81,0,4.6
62,4,99,0,5.0
62,5,82,0,4.6
62,6,80,0,4.6
62,7,85,0,4.7
62,8,97,0,4.9
62,9,93,0,4.9
62,10,81,0,4.6
62,11,88,0,4.8
62,12,80,0,4.6
63,1,89,0,4.8
63,2,96,0,4.9
63,3,82,0,4.6
63,4,98,0,5.0
63,5,87,0,4.7
63,6,85,0,4.7
63,7,90,0,4.8
63,8,96,0,4.9
63,9,81,0,4.6
63,10,83,0,4.7
63,11,88,0,4.8
63,12,80,0,4.6
64,1,80,0,4.6
64,2,82,0,4.6
64,3,86,0,4.7
64,4,100,0,5.0
64,5,99,0,5.0
64,6,92,0,4.8
64,7,86,0,4.7
64,8,90,0,4.8
64,9,97,0,4.9
64,10,88,0,4.8
64,11,83,0,4.7
64,12,91,0,4.8
65,1,80,0,4.6
65,2,80,0,4.6
65,3,83,0,4.7
65,4,86,0,4.7
65,5,87,0,4.7
65,6,88,0,4.8
65,7,96,0,4.9
65,8,88,0,4.8
65,9,81,0,4.6
65,10,81,0,4.6
65,11,100,0,5.0
65,12,86,0,4.7
66,1,87,0,4.7
66,2,99,0,5.0
66,3,94,0,4.9
66,4,95,0,4.9
66,5,91,0,4.8
66,6,81,0,4.6
66,7,99,0,5.0
66,8,83,0,4.7
66,9,81,0,4.6
66,10,94,0,4.9
66,11,97,0,4.9
66,12,87,0,4.7
67,1,91,0,4.8
67,2,98,0,5.0
67,3,85,0,4.7
67,4,96,0,4.9
67,5,91,0,4.8
67,6,88,0,4.8
67,7,85,0,4.7
67,8,82,0,4.6
67,9,93,0,4.9
67,10,81,0,4.6
67,11,95,0,4.9
67,12,83,0,4.7
68,1,92,0,4.8
68,2,74,0,4.5
68,3,76,0,4.5
68,4,70,0,4.4
68,5,64,0,4.3
68,6,66,0,4.3
68,7,77,0,4.5
68,8,73,1,4.0
68,9,35,1,3.2
68,10,53,1,3.6
68,11,47,2,2.9
68,12,63,2,3.3
69,1,94,0,4.9
69,2,98,0,5.0
69,3,81,0,4.6
69,4,97,0,4.9
69,5,95,0,4.9
69,6,85,0,4.7
69,7,95,0,4.9
69,8,90,0,4.8
69,9,96,0,4.9
69,10,91,0,4.8
69,11,97,0,4.9
69,12,88,0,4.8
70,1,80,0,4.6
70,2,93,0,4.9
70,3,81,0,4.6
70,4,81,0,4.6
70,5,68,0,4.4
70,6,67,1,3.8
70,7,65,2,3.3
70,8,58,2,3.2
70,9,50,2,3.0
70,10,58,2,3.2
70,11,39,3,2.3
70,12,48,3,2.5
71,1,90,0,4.8
71,2,95,0,4.9
71,3,95,0,4.9
71,4,87,0,4.7
71,5,100,0,5.0
71,6,99,0,5.0
71,7,86,0,4.7
71,8,100,0,5.0
71,9,97,0,4.9
71,10,95,0,4.9
71,11,99,0,5.0
71,12,84,0,4.7
72,1,77,0,4.5
72,2,71,0,4.4
72,3,78,0,4.6
72,4,67,1,3.8
72,5,69,1,3.9
72,6,73,1,4.0
72,7,73,1,4.0
72,8,52,1,3.5
72,9,61,2,3.2
72,10,41,2,2.8
72,11,36,2,2.7
72,12,46,2,2.9
73,1,82,0,4.6
73,2,80,0,4.6
73,3,92,0,4.8
73,4,86,0,4.7
73,5,100,0,5.0
73,6,87,0,4.7
73,7,83,0,4.7
73,8,88,0,4.8
73,9,91,0,4.8
73,10,100,0,5.0
73,11,84,0,4.7
73,12,81,0,4.6
74,1,86,0,4.7
74,2,81,0,4.6
74,3,93,0,4.9
74,4,83,0,4.7
74,5,82,0,4.6
74,6,84,0,4.7
74,7,89,0,4.8
74,8,87,0,4.7
74,9,88,0,4.8
74,10,81,0,4.6
74,11,80,0,4.6
74,12,82,0,4.6
75,1,82,0,4.6
75,2,82,0,4.6
75,3,87,0,4.7
75,4,86,0,4.7
75,5,97,0,4.9
75,6,95,0,4.9
75,7,83,0,4.7
75,8,90,0,4.8
75,9,82,0,4.6
75,10,84,0,4.7
75,11,81,0,4.6
75,12,94,0,4.9
76,1,93,0,4.9
76,2,87,0,4.7
76,3,81,0,4.6
76,4,98,0,5.0
76,5,93,0,4.9
76,6,94,0,4.9
76,7,91,0,4.8
76,8,93,0,4.9
76,9,98,0,5.0
76,10,86,0,4.7
76,11,84,0,4.7
76,12,92,0,4.8
77,1,85,0,4.7
77,2,88,0,4.8
77,3,87,0,4.7
77,4,93,0,4.9
77,5,90,0,4.8
77,6,94,0,4.9
77,7,83,0,4.7
77,8,86,0,4.7
77,9,84,0,4.7
77,10,91,0,4.8
77,11,88,0,4.8
77,12,80,0,4.6
78,1,94,0,4.9
78,2,90,0,4.8
78,3,94,0,4.9
78,4,83,0,4.7
78,5,85,0,4.7
78,6,82,0,4.6
78,7,84,0,4.7
78,8,86,0,4.7
78,9,84,0,4.7
78,10,100,0,5.0
78,11,84,0,4.7
78,12,85,0,4.7
79,1,95,0,4.9
79,2,76,0,4.5
79,3,87,0,4.7
79,4,75,0,4.5
79,5,60,0,4.2
79,6,72,1,3.9
79,7,68,1,3.9
79,8,48,1,3.5
79,9,36,1,3.2
79,10,65,1,3.8
79,11,53,1,3.6
79,12,38,1,3.3
80,1,91,0,4.8
80,2,96,0,4.9
80,3,81,0,4.6
80,4,94,0,4.9
80,5,87,0,4.7
80,6,93,0,4.9
80,7,93,0,4.9
80,8,85,0,4.7
80,9,99,0,5.0
80,10,80,0,4.6
80,11,83,0,4.7
80,12,82,0,4.6
81,1,83,0,4.7
81,2,88,0,4.8
81,3,90,0,4.8
81,4,99,0,5.0
81,5,91,0,4.8
81,6,96,0,4.9
81,7,80,0,4.6
81,8,84,0,4.7
81,9,93,0,4.9
81,10,90,0,4.8
81,11,93,0,4.9
81,12,89,0,4.8
82,1,93,0,4.9
82,2,87,0,4.7
82,3,97,0,4.9
82,4,86,0,4.7
82,5,95,0,4.9
82,6,92,0,4.8
82,7,94,0,4.9
82,8,92,0,4.8
82,9,80,0,4.6
82,10,81,0,4.6
82,11,83,0,4.7
82,12,80,0,4.6
83,1,87,0,4.7
83,2,91,0,4.8
83,3,98,0,5.0
83,4,90,0,4.8
83,5,82,0,4.6
83,6,92,0,4.8
83,7,90,0,4.8
83,8,90,0,4.8
83,9,94,0,4.9
83,10,90,0,4.8
83,11,93,0,4.9
83,12,91,0,4.8
84,1,96,0,4.9
84,2,89,0,4.8
84,3,95,0,4.9
84,4,100,0,5.0
84,5,98,0,5.0
84,6,93,0,4.9
84,7,96,0,4.9
84,8,17,1,2.8
84,9,9,1,2.7
84,10,4,1,2.6
84,11,14,1,2.8
84,12,8,1,2.7
85,1,98,0,5.0
85,2,87,0,4.7
85,3,85,0,4.7
85,4,100,0,5.0
85,5,80,0,4.6
85,6,93,0,4.9
85,7,89,0,4.8
85,8,97,0,4.9
85,9,80,0,4.6
85,10,100,0,5.0
85,11,97,0,4.9
85,12,99,0,5.0
86,1,85,0,4.7
86,2,91,0,4.8
86,3,95,0,4.9
86,4,99,0,5.0
86,5,99,0,5.0
86,6,87,0,4.7
86,7,80,0,4.6
86,8,91,0,4.8
86,9,88,0,4.8
86,10,92,0,4.8
86,11,88,0,4.8
86,12,82,0,4.6
87,1,85,0,4.7
87,2,93,0,4.9
87,3,83,0,4.7
87,4,100,0,5.0
87,5,80,0,4.6
87,6,87,0,4.7
87,7,100,0,5.0
87,8,88,0,4.8
87,9,99,0,5.0
87,10,93,0,4.9
87,11,95,0,4.9
87,12,88,0,4.8
88,1,87,0,4.7
88,2,87,0,4.7
88,3,89,0,4.8
88,4,84,0,4.7
88,5,93,0,4.9
88,6,88,0,4.8
88,7,99,0,5.0
88,8,96,0,4.9
88,9,81,0,4.6
88,10,90,0,4.8
88,11,95,0,4.9
88,12,85,0,4.7
89,1,97,0,4.9
89,2,98,0,5.0
89,3,83,0,4.7
89,4,94,0,4.9
89,5,88,0,4.8
89,6,96,0,4.9
89,7,96,0,4.9
89,8,85,0,4.7
89,9,93,0,4.9
89,10,89,0,4.8
89,11,97,0,4.9
89,12,94,0,4.9
90,1,99,0,5.0
90,2,87,0,4.7
90,3,87,0,4.7
90,4,88,0,4.8
90,5,87,0,4.7
90,6,85,0,4.7
90,7,98,0,5.0
90,8,84,0,4.7
90,9,97,0,4.9
90,10,92,0,4.8
90,11,90,0,4.8
90,12,81,0,4.6
91,1,84,0,4.7
91,2,90,0,4.8
91,3,90,0,4.8
91,4,85,0,4.7
91,5,88,0,4.8
91,6,91,0,4.8
91,7,92,0,4.8
91,8,87,0,4.7
91,9,90,0,4.8
91,10,88,0,4.8
91,11,83,0,4.7
91,12,95,0,4.9
92,1,91,0,4.8
92,2,94,0,4.9
92,3,87,0,4.7
92,4,99,0,5.0
92,5,97,0,4.9
92,6,91,0,4.8
92,7,96,0,4.9
92,8,100,0,5.0
92,9,84,0,4.7
92,10,98,0,5.0
92,11,88,0,4.8
92,12,82,0,4.6
93,1,83,0,4.7
93,2,84,0,4.7
93,3,93,0,4.9
93,4,85,0,4.7
93,5,89,0,4.8
93,6,92,0,4.8
93,7,93,0,4.9
93,8,88,0,4.8
93,9,86,0,4.7
93,10,100,0,5.0
93,11,84,0,4.7
93,12,95,0,4.9
94,1,83,0,4.7
94,2,90,0,4.8
94,3,84,0,4.7
94,4,93,0,4.9
94,5,94,0,4.9
94,6,97,0,4.9
94,7,94,0,4.9
94,8,100,0,5.0
94,9,84,0,4.7
94,10,100,0,5.0
94,11,88,0,4.8
94,12,85,0,4.7
95,1,91,0,4.8
95,2,84,0,4.7
95,3,82,0,4.6
95,4,96,0,4.9
95,5,81,0,4.6
95,6,85,0,4.7
95,7,95,0,4.9
95,8,90,0,4.8
95,9,93,0,4.9
95,10,82,0,4.6
95,11,84,0,4.7
95,12,83,0,4.7
96,1,83,0,4.7
96,2,83,0,4.7
96,3,88,0,4.8
96,4,83,0,4.7
96,5,85,0,4.7
96,6,92,0,4.8
96,7,96,0,4.9
96,8,86,0,4.7
96,9,88,0,4.8
96,10,80,0,4.6
96,11,85,0,4.7
96,12,92,0,4.8
97,1,95,0,4.9
97,2,93,0,4.9
97,3,86,0,4.7
97,4,94,0,4.9
97,5,98,0,5.0
97,6,86,0,4.7
97,7,90,0,4.8
97,8,91,0,4.8
97,9,81,0,4.6
97,10,96,0,4.9
97,11,96,0,4.9
97,12,96,0,4.9
98,1,83,0,4.7
98,2,89,0,4.8
98,3,73,0,4.5
98,4,64,0,4.3
98,5,79,1,4.1
98,6,81,2,3.6
98,7,62,2,3.2
98,8,58,2,3.2
98,9,60,2,3.2
98,10,54,2,3.1
98,11,48,2,3.0
98,12,22,2,2.4
99,1,95,0,4.9
99,2,93,0,4.9
99,3,86,0,4.7
99,4,87,0,4.7
99,5,80,0,4.6
99,6,90,0,4.8
99,7,100,0,5.0
99,8,97,0,4.9
99,9,83,0,4.7
99,10,100,0,5.0
99,11,80,0,4.6
99,12,85,0,4.7
100,1,89,0,4.8
100,2,71,0,4.4
100,3,73,0,4.5
100,4,78,0,4.6
100,5,80,0,4.6
100,6,82,0,4.6
100,7,76,0,4.5
100,8,46,1,3.4
100,9,57,1,3.6
100,10,51,2,3.0
100,11,57,3,2.6
100,12,46,3,2.4
101,1,84,0,4.7
101,2,82,0,4.6
101,3,97,0,4.9
101,4,88,0,4.8
101,5,97,0,4.9
101,6,82,0,4.6
101,7,86,0,4.7
101,8,89,0,4.8
101,9,94,0,4.9
101,10,89,0,4.8
101,11,84,0,4.7
101,12,92,0,4.8
102,1,96,0,4.9
102,2,98,0,5.0
102,3,92,0,4.8
102,4,81,0,4.6
102,5,89,0,4.8
102,6,90,0,4.8
102,7,80,0,4.6
102,8,88,0,4.8
102,9,81,0,4.6
102,10,97,0,4.9
102,11,89,0,4.8
102,12,83,0,4.7
103,1,84,0,4.7
103,2,95,0,4.9
103,3,95,0,4.9
103,4,89,0,4.8
103,5,92,0,4.8
103,6,88,0,4.8
103,7,80,0,4.6
103,8,89,0,4.8
103,9,87,0,4.7
103,10,88,0,4.8
103,11,87,0,4.7
103,12,83,0,4.7
104,1,87,0,4.7
104,2,100,0,5.0
104,3,90,0,4.8
104,4,82,0,4.6
104,5,93,0,4.9
104,6,96,0,4.9
104,7,80,0,4.6
104,8,90,0,4.8
104,9,95,0,4.9
104,10,98,0,5.0
104,11,99,0,5.0
104,12,95,0,4.9
105,1,100,0,5.0
105,2,96,0,4.9
105,3,96,0,4.9
105,4,89,0,4.8
105,5,86,0,4.7
105,6,95,0,4.9
105,7,91,0,4.8
105,8,80,0,4.6
105,9,97,0,4.9
105,10,92,0,4.8
105,11,96,0,4.9
105,12,90,0,4.8
106,1,85,0,4.7
106,2,92,0,4.8
106,3,88,0,4.8
106,4,95,0,4.9
106,5,88,0,4.8
106,6,87,0,4.7
106,7,99,0,5.0
106,8,80,0,4.6
106,9,89,0,4.8
106,10,94,0,4.9
106,11,99,0,5.0
106,12,86,0,4.7
107,1,82,0,4.6
107,2,100,0,5.0
107,3,92,0,4.8
107,4,96,0,4.9
107,5,80,0,4.6
107,6,89,0,4.8
107,7,93,0,4.9
107,8,89,0,4.8
107,9,95,0,4.9
107,10,92,0,4.8
107,11,90,0,4.8
107,12,86,0,4.7
108,1,95,0,4.9
108,2,76,0,4.5
108,3,87,0,4.7
108,4,68,1,3.9
108,5,65,2,3.3
108,6,64,3,2.8
108,7,69,3,2.9
108,8,68,3,2.9
108,9,46,4,2.0
108,10,56,4,2.1
108,11,32,5,2.0
108,12,50,5,2.0
109,1,88,0,4.8
109,2,80,0,4.6
109,3,91,0,4.8
109,4,86,0,4.7
109,5,84,0,4.7
109,6,90,0,4.8
109,7,91,0,4.8
109,8,99,0,5.0
109,9,83,0,4.7
109,10,87,0,4.7
109,11,86,0,4.7
109,12,92,0,4.8
110,1,100,0,5.0
110,2,84,0,4.7
110,3,100,0,5.0
110,4,81,0,4.6
110,5,98,0,5.0
110,6,87,0,4.7
110,7,82,0,4.6
110,8,80,0,4.6
110,9,98,0,5.0
110,10,99,0,5.0
110,11,91,0,4.8
110,12,86,0,4.7
111,1,90,0,4.8
111,2,80,0,4.6
111,3,90,0,4.8
111,4,88,0,4.8
111,5,88,0,4.8
111,6,83,0,4.7
111,7,87,0,4.7
111,8,91,0,4.8
111,9,91,0,4.8
111,10,83,0,4.7
111,11,83,0,4.7
111,12,88,0,4.8
112,1,88,0,4.8
112,2,77,0,4.5
112,3,88,0,4.8
112,4,76,1,4.0
112,5,70,2,3.4
112,6,72,2,3.4
112,7,69,2,3.4
112,8,51,2,3.0
112,9,53,2,3.1
112,10,35,3,2.2
112,11,59,4,2.2
112,12,38,5,2.0
113,1,98,0,5.0
113,2,93,0,4.9
113,3,80,0,4.6
113,4,93,0,4.9
113,5,86,0,4.7
113,6,84,0,4.7
113,7,94,0,4.9
113,8,94,0,4.9
113,9,95,0,4.9
113,10,100,0,5.0
113,11,82,0,4.6
113,12,94,0,4.9
114,1,94,0,4.9
114,2,85,0,4.7
114,3,95,0,4.9
114,4,100,0,5.0
114,5,99,0,5.0
114,6,89,0,4.8
114,7,90,0,4.8
114,8,86,0,4.7
114,9,81,0,4.6
114,10,86,0,4.7
114,11,92,0,4.8
114,12,99,0,5.0
115,1,98,0,5.0
115,2,84,0,4.7
115,3,96,0,4.9
115,4,96,0,4.9
115,5,95,0,4.9
115,6,99,0,5.0
115,7,99,0,5.0
115,8,100,0,5.0
115,9,86,0,4.7
115,10,92,0,4.8
115,11,98,0,5.0
115,12,97,0,4.9
116,1,81,0,4.6
116,2,81,0,4.6
116,3,94,0,4.9
116,4,85,0,4.7
116,5,95,0,4.9
116,6,98,0,5.0
116,7,97,0,4.9
116,8,82,0,4.6
116,9,87,0,4.7
116,10,88,0,4.8
116,11,91,0,4.8
116,12,89,0,4.8
117,1,94,0,4.9
117,2,96,0,4.9
117,3,93,0,4.9
117,4,96,0,4.9
117,5,92,0,4.8
117,6,81,0,4.6
117,7,100,0,5.0
117,8,88,0,4.8
117,9,87,0,4.7
117,10,84,0,4.7
117,11,100,0,5.0
117,12,91,0,4.8
118,1,91,0,4.8
118,2,97,0,4.9
118,3,98,0,5.0
118,4,93,0,4.9
118,5,84,0,4.7
118,6,86,0,4.7
118,7,87,0,4.7
118,8,91,0,4.8
118,9,90,0,4.8
118,10,89,0,4.8
118,11,82,0,4.6
118,12,92,0,4.8
119,1,93,0,4.9
119,2,92,0,4.8
119,3,99,0,5.0
119,4,94,0,4.9
119,5,94,0,4.9
119,6,85,0,4.7
119,7,80,0,4.6
119,8,97,0,4.9
119,9,87,0,4.7
119,10,82,0,4.6
119,11,87,0,4.7
119,12,85,0,4.7
120,1,90,0,4.8
120,2,71,0,4.4
120,3,77,0,4.5
120,4,72,0,4.4
120,5,62,0,4.2
120,6,65,0,4.3
120,7,70,1,3.9
120,8,58,1,3.7
120,9,71,2,3.4
120,10,57,3,2.6
120,11,38,4,2.0
120,12,53,4,2.1
121,1,88,0,4.8
121,2,97,0,4.9
121,3,81,0,4.6
121,4,93,0,4.9
121,5,95,0,4.9
121,6,97,0,4.9
121,7,90,0,4.8
121,8,89,0,4.8
121,9,90,0,4.8
121,10,96,0,4.9
121,11,95,0,4.9
121,12,100,0,5.0
122,1,98,0,5.0
122,2,95,0,4.9
122,3,88,0,4.8
122,4,82,0,4.6
122,5,92,0,4.8
122,6,87,0,4.7
122,7,91,0,4.8
122,8,81,0,4.6
122,9,98,0,5.0
122,10,91,0,4.8
122,11,87,0,4.7
122,12,91,0,4.8
123,1,89,0,4.8
123,2,89,0,4.8
123,3,95,0,4.9
123,4,98,0,5.0
123,5,88,0,4.8
123,6,88,0,4.8
123,7,81,0,4.6
123,8,98,0,5.0
123,9,82,0,4.6
123,10,84,0,4.7
123,11,87,0,4.7
123,12,83,0,4.7
124,1,96,0,4.9
124,2,98,0,5.0
124,3,91,0,4.8
124,4,96,0,4.9
124,5,83,0,4.7
124,6,97,0,4.9
124,7,96,0,4.9
124,8,99,0,5.0
124,9,100,0,5.0
124,10,83,0,4.7
124,11,90,0,4.8
124,12,94,0,4.9
125,1,88,0,4.8
125,2,98,0,5.0
125,3,83,0,4.7
125,4,96,0,4.9
125,5,89,0,4.8
125,6,80,0,4.6
125,7,88,0,4.8
125,8,91,0,4.8
125,9,98,0,5.0
125,10,93,0,4.9
125,11,97,0,4.9
125,12,91,0,4.8
126,1,77,0,4.5
126,2,76,0,4.5
126,3,80,0,4.6
126,4,70,0,4.4
126,5,70,0,4.4
126,6,59,0,4.2
126,7,72,0,4.4
126,8,58,1,3.7
126,9,42,2,2.8
126,10,40,2,2.8
126,11,26,3,2.0
126,12,44,3,2.4
127,1,96,0,4.9
127,2,85,0,4.7
127,3,97,0,4.9
127,4,97,0,4.9
127,5,96,0,4.9
127,6,87,0,4.7
127,7,89,0,4.8
127,8,99,0,5.0
127,9,97,0,4.9
127,10,91,0,4.8
127,11,96,0,4.9
127,12,99,0,5.0
128,1,82,0,4.6
128,2,95,0,4.9
128,3,98,0,5.0
128,4,92,0,4.8
128,5,84,0,4.7
128,6,99,0,5.0
128,7,95,0,4.9
128,8,93,0,4.9
128,9,80,0,4.6
128,10,95,0,4.9
128,11,82,0,4.6
128,12,81,0,4.6
129,1,83,0,4.7
129,2,70,0,4.4
129,3,82,0,4.6
129,4,80,0,4.6
129,5,71,0,4.4
129,6,66,0,4.3
129,7,67,0,4.3
129,8,57,1,3.6
129,9,53,1,3.6
129,10,63,1,3.8
129,11,50,1,3.5
129,12,21,1,2.9
130,1,86,0,4.7
130,2,100,0,5.0
130,3,94,0,4.9
130,4,88,0,4.8
130,5,86,0,4.7
130,6,83,0,4.7
130,7,81,0,4.6
130,8,80,0,4.6
130,9,88,0,4.8
130,10,83,0,4.7
130,11,81,0,4.6
130,12,92,0,4.8
131,1,86,0,4.7
131,2,84,0,4.7
131,3,96,0,4.9
131,4,81,0,4.6
131,5,91,0,4.8
131,6,83,0,4.7
131,7,98,0,5.0
131,8,85,0,4.7
131,9,100,0,5.0
131,10,84,0,4.7
131,11,90,0,4.8
131,12,96,0,4.9
132,1,100,0,5.0
132,2,82,0,4.6
132,3,81,0,4.6
132,4,100,0,5.0
132,5,82,0,4.6
132,6,82,0,4.6
132,7,88,0,4.8
132,8,82,0,4.6
132,9,100,0,5.0
132,10,83,0,4.7
132,11,99,0,5.0
132,12,93,0,4.9
133,1,86,0,4.7
133,2,83,0,4.7
133,3,87,0,4.7
133,4,83,0,4.7
133,5,98,0,5.0
133,6,85,0,4.7
133,7,90,0,4.8
133,8,81,0,4.6
133,9,93,0,4.9
133,10,87,0,4.7
133,11,98,0,5.0
133,12,98,0,5.0
134,1,98,0,5.0
134,2,93,0,4.9
134,3,92,0,4.8
134,4,84,0,4.7
134,5,82,0,4.6
134,6,85,0,4.7
134,7,91,0,4.8
134,8,85,0,4.7
134,9,89,0,4.8
134,10,94,0,4.9
134,11,88,0,4.8
134,12,84,0,4.7
135,1,89,0,4.8
135,2,99,0,5.0
135,3,100,0,5.0
135,4,92,0,4.8
135,5,83,0,4.7
135,6,99,0,5.0
135,7,91,0,4.8
135,8,83,0,4.7
135,9,100,0,5.0
135,10,96,0,4.9
135,11,89,0,4.8
135,12,85,0,4.7
136,1,84,0,4.7
136,2,97,0,4.9
136,3,87,0,4.7
136,4,86,0,4.7
136,5,92,0,4.8
136,6,91,0,4.8
136,7,97,0,4.9
136,8,83,0,4.7
136,9,94,0,4.9
136,10,90,0,4.8
136,11,90,0,4.8
136,12,100,0,5.0
137,1,80,0,4.6
137,2,83,0,4.7
137,3,82,0,4.6
137,4,88,1,4.3
137,5,68,1,3.9
137,6,78,2,3.6
137,7,76,2,3.5
137,8,69,2,3.4
137,9,64,3,2.8
137,10,40,4,2.0
137,11,39,4,2.0
137,12,30,5,2.0
138,1,87,0,4.7
138,2,87,0,4.7
138,3,80,0,4.6
138,4,89,0,4.8
138,5,93,0,4.9
138,6,81,0,4.6
138,7,95,0,4.9
138,8,100,0,5.0
138,9,82,0,4.6
138,10,98,0,5.0
138,11,80,0,4.6
138,12,80,0,4.6
139,1,85,0,4.7
139,2,95,0,4.9
139,3,92,0,4.8
139,4,93,0,4.9
139,5,92,0,4.8
139,6,88,0,4.8
139,7,85,0,4.7
139,8,82,0,4.6
139,9,99,0,5.0
139,10,100,0,5.0
139,11,94,0,4.9
139,12,80,0,4.6
140,1,89,0,4.8
140,2,97,0,4.9
140,3,95,0,4.9
140,4,86,0,4.7
140,5,82,0,4.6
140,6,88,0,4.8
140,7,81,0,4.6
140,8,83,0,4.7
140,9,86,0,4.7
140,10,80,0,4.6
140,11,83,0,4.7
140,12,91,0,4.8
141,1,93,0,4.9
141,2,95,0,4.9
141,3,86,0,4.7
141,4,84,0,4.7
141,5,99,0,5.0
141,6,83,0,4.7
141,7,89,0,4.8
141,8,91,0,4.8
141,9,87,0,4.7
141,10,98,0,5.0
141,11,86,0,4.7
141,12,80,0,4.6
142,1,88,0,4.8
142,2,99,0,5.0
142,3,89,0,4.8
142,4,94,0,4.9
142,5,85,0,4.7
142,6,81,0,4.6
142,7,84,0,4.7
142,8,90,0,4.8
142,9,92,0,4.8
142,10,84,0,4.7
142,11,99,0,5.0
142,12,88,0,4.8
143,1,96,0,4.9
143,2,78,0,4.6
143,3,87,0,4.7
143,4,70,0,4.4
143,5,67,0,4.3
143,6,54,0,4.1
143,7,70,1,3.9
143,8,50,1,3.5
143,9,67,2,3.3
143,10,43,2,2.9
143,11,38,3,2.3
143,12,45,3,2.4
144,1,86,0,4.7
144,2,80,0,4.6
144,3,97,0,4.9
144,4,91,0,4.8
144,5,87,0,4.7
144,6,81,0,4.6
144,7,88,0,4.8
144,8,98,0,5.0
144,9,96,0,4.9
144,10,85,0,4.7
144,11,96,0,4.9
144,12,83,0,4.7
145,1,86,0,4.7
145,2,96,0,4.9
145,3,94,0,4.9
145,4,96,0,4.9
145,5,82,0,4.6
145,6,85,0,4.7
145,7,97,0,4.9
145,8,83,0,4.7
145,9,87,0,4.7
145,10,85,0,4.7
145,11,80,0,4.6
145,12,98,0,5.0
146,1,82,0,4.6
146,2,95,0,4.9
146,3,92,0,4.8
146,4,88,0,4.8
146,5,92,0,4.8
146,6,95,0,4.9
146,7,82,0,4.6
146,8,99,0,5.0
146,9,80,0,4.6
146,10,88,0,4.8
146,11,81,0,4.6
146,12,85,0,4.7
147,1,92,0,4.8
147,2,94,0,4.9
147,3,87,0,4.7
147,4,95,0,4.9
147,5,100,0,5.0
147,6,88,0,4.8
147,7,82,0,4.6
147,8,100,0,5.0
147,9,91,0,4.8
147,10,93,0,4.9
147,11,95,0,4.9
147,12,89,0,4.8
148,1,85,0,4.7
148,2,97,0,4.9
148,3,80,0,4.6
148,4,93,0,4.9
148,5,88,0,4.8
148,6,81,0,4.6
148,7,96,0,4.9
148,8,94,0,4.9
148,9,100,0,5.0
148,10,82,0,4.6
148,11,83,0,4.7
148,12,86,0,4.7
149,1,81,0,4.6
149,2,70,0,4.4
149,3,88,0,4.8
149,4,81,0,4.6
149,5,78,0,4.6
149,6,65,1,3.8
149,7,47,2,2.9
149,8,58,2,3.2
149,9,71,3,2.9
149,10,50,3,2.5
149,11,44,3,2.4
149,12,61,3,2.7
150,1,93,0,4.9
150,2,92,0,4.8
150,3,85,0,4.7
150,4,94,0,4.9
150,5,92,0,4.8
150,6,87,0,4.7
150,7,93,0,4.9
150,8,96,0,4.9
150,9,86,0,4.7
150,10,80,0,4.6
150,11,89,0,4.8
150,12,85,0,4.7
151,1,84,0,4.7
151,2,100,0,5.0
151,3,100,0,5.0
151,4,90,0,4.8
151,5,93,0,4.9
151,6,99,0,5.0
151,7,88,0,4.8
151,8,96,0,4.9
151,9,95,0,4.9
151,10,81,0,4.6
151,11,81,0,4.6
151,12,90,0,4.8
152,1,85,0,4.7
152,2,93,0,4.9
152,3,87,0,4.7
152,4,84,0,4.7
152,5,90,0,4.8
152,6,84,0,4.7
152,7,93,0,4.9
152,8,21,1,2.9
152,9,3,2,2.1
152,10,8,2,2.2
152,11,30,3,2.1
152,12,16,3,2.0
153,1,97,0,4.9
153,2,91,0,4.8
153,3,94,0,4.9
153,4,95,0,4.9
153,5,90,0,4.8
153,6,80,0,4.6
153,7,92,0,4.8
153,8,85,0,4.7
153,9,97,0,4.9
153,10,89,0,4.8
153,11,94,0,4.9
153,12,92,0,4.8
154,1,78,0,4.6
154,2,78,0,4.6
154,3,72,0,4.4
154,4,81,0,4.6
154,5,67,0,4.3
154,6,71,1,3.9
154,7,59,1,3.7
154,8,49,2,3.0
154,9,35,3,2.2
154,10,57,3,2.6
154,11,52,4,2.0
154,12,33,5,2.0
155,1,99,0,5.0
155,2,89,0,4.8
155,3,99,0,5.0
155,4,85,0,4.7
155,5,100,0,5.0
155,6,90,0,4.8
155,7,100,0,5.0
155,8,82,0,4.6
155,9,97,0,4.9
155,10,85,0,4.7
155,11,91,0,4.8
155,12,98,0,5.0
156,1,85,0,4.7
156,2,76,0,4.5
156,3,71,0,4.4
156,4,83,1,4.2
156,5,76,1,4.0
156,6,80,1,4.1
156,7,75,1,4.0
156,8,76,1,4.0
156,9,53,2,3.1
156,10,52,2,3.0
156,11,27,3,2.0
156,12,40,3,2.3
157,1,93,0,4.9
157,2,93,0,4.9
157,3,91,0,4.8
157,4,88,0,4.8
157,5,84,0,4.7
157,6,86,0,4.7
157,7,83,0,4.7
157,8,94,0,4.9
157,9,90,0,4.8
157,10,82,0,4.6
157,11,95,0,4.9
157,12,86,0,4.7
158,1,81,0,4.6
158,2,99,0,5.0
158,3,81,0,4.6
158,4,83,0,4.7
158,5,99,0,5.0
158,6,89,0,4.8
158,7,89,0,4.8
158,8,88,0,4.8
158,9,86,0,4.7
158,10,100,0,5.0
158,11,96,0,4.9
158,12,80,0,4.6
159,1,89,0,4.8
159,2,84,0,4.7
159,3,85,0,4.7
159,4,80,0,4.6
159,5,91,0,4.8
159,6,95,0,4.9
159,7,88,0,4.8
159,8,96,0,4.9
159,9,93,0,4.9
159,10,93,0,4.9
159,11,93,0,4.9
159,12,82,0,4.6
160,1,83,0,4.7
160,2,93,0,4.9
160,3,83,0,4.7
160,4,92,0,4.8
160,5,83,0,4.7
160,6,96,0,4.9
160,7,98,0,5.0
160,8,86,0,4.7
160,9,98,0,5.0
160,10,100,0,5.0
160,11,85,0,4.7
160,12,84,0,4.7
161,1,99,0,5.0
161,2,96,0,4.9
161,3,98,0,5.0
161,4,89,0,4.8
161,5,97,0,4.9
161,6,85,0,4.7
161,7,94,0,4.9
161,8,90,0,4.8
161,9,80,0,4.6
161,10,91,0,4.8
161,11,92,0,4.8
161,12,88,0,4.8
162,1,92,0,4.8
162,2,87,0,4.7
162,3,86,0,4.7
162,4,84,0,4.7
162,5,90,0,4.8
162,6,81,0,4.6
162,7,83,0,4.7
162,8,97,0,4.9
162,9,100,0,5.0
162,10,89,0,4.8
162,11,81,0,4.6
162,12,81,0,4.6
163,1,83,0,4.7
163,2,81,0,4.6
163,3,93,0,4.9
163,4,88,0,4.8
163,5,93,0,4.9
163,6,97,0,4.9
163,7,80,0,4.6
163,8,90,0,4.8
163,9,95,0,4.9
163,10,98,0,5.0
163,11,96,0,4.9
163,12,86,0,4.7
164,1,92,0,4.8
164,2,85,0,4.7
164,3,85,0,4.7
164,4,84,0,4.7
164,5,99,0,5.0
164,6,88,0,4.8
164,7,82,0,4.6
164,8,16,1,2.8
164,9,27,2,2.5
164,10,8,3,2.0
164,11,30,3,2.1
164,12,28,3,2.1
165,1,90,0,4.8
165,2,98,0,5.0
165,3,87,0,4.7
165,4,93,0,4.9
165,5,83,0,4.7
165,6,83,0,4.7
165,7,88,0,4.8
165,8,82,0,4.6
165,9,83,0,4.7
165,10,99,0,5.0
165,11,94,0,4.9
165,12,84,0,4.7
166,1,100,0,5.0
166,2,97,0,4.9
166,3,98,0,5.0
166,4,89,0,4.8
166,5,80,0,4.6
166,6,88,0,4.8
166,7,97,0,4.9
166,8,97,0,4.9
166,9,97,0,4.9
166,10,90,0,4.8
166,11,99,0,5.0
166,12,90,0,4.8
167,1,98,0,5.0
167,2,91,0,4.8
167,3,87,0,4.7
167,4,81,0,4.6
167,5,94,0,4.9
167,6,90,0,4.8
167,7,95,0,4.9
167,8,84,0,4.7
167,9,92,0,4.8
167,10,80,0,4.6
167,11,96,0,4.9
167,12,95,0,4.9
168,1,97,0,4.9
168,2,83,0,4.7
168,3,97,0,4.9
168,4,85,0,4.7
168,5,84,0,4.7
168,6,99,0,5.0
168,7,95,0,4.9
168,8,88,0,4.8
168,9,81,0,4.6
168,10,99,0,5.0
168,11,87,0,4.7
168,12,92,0,4.8
169,1,94,0,4.9
169,2,95,0,4.9
169,3,86,0,4.7
169,4,98,0,5.0
169,5,98,0,5.0
169,6,87,0,4.7
169,7,84,0,4.7
169,8,95,0,4.9
169,9,98,0,5.0
169,10,100,0,5.0
169,11,86,0,4.7
169,12,86,0,4.7
170,1,92,0,4.8
170,2,84,0,4.7
170,3,68,0,4.4
170,4,72,1,3.9
170,5,59,1,3.7
170,6,76,1,4.0
170,7,56,1,3.6
170,8,59,1,3.7
170,9,62,1,3.7
170,10,52,1,3.5
170,11,35,1,3.2
170,12,49,1,3.5
171,1,97,0,4.9
171,2,92,0,4.8
171,3,94,0,4.9
171,4,97,0,4.9
171,5,84,0,4.7
171,6,86,0,4.7
171,7,90,0,4.8
171,8,100,0,5.0
171,9,87,0,4.7
171,10,98,0,5.0
171,11,87,0,4.7
171,12,84,0,4.7
172,1,83,0,4.7
172,2,100,0,5.0
172,3,85,0,4.7
172,4,85,0,4.7
172,5,95,0,4.9
172,6,94,0,4.9
172,7,95,0,4.9
172,8,86,0,4.7
172,9,92,0,4.8
172,10,81,0,4.6
172,11,86,0,4.7
172,12,100,0,5.0
173,1,93,0,4.9
173,2,99,0,5.0
173,3,93,0,4.9
173,4,87,0,4.7
173,5,89,0,4.8
173,6,100,0,5.0
173,7,91,0,4.8
173,8,12,0,3.2
173,9,9,0,3.2
173,10,15,1,2.8
173,11,11,2,2.2
173,12,30,2,2.6
174,1,86,0,4.7
174,2,72,0,4.4
174,3,74,0,4.5
174,4,78,1,4.1
174,5,70,2,3.4
174,6,59,3,2.7
174,7,71,3,2.9
174,8,63,3,2.8
174,9,44,4,2.0
174,10,33,5,2.0
174,11,49,5,2.0
174,12,40,5,2.0
175,1,78,0,4.6
175,2,89,0,4.8
175,3,79,0,4.6
175,4,70,0,4.4
175,5,73,0,4.5
175,6,58,1,3.7
175,7,57,1,3.6
175,8,68,2,3.4
175,9,60,2,3.2
175,10,56,3,2.6
175,11,40,4,2.0
175,12,37,4,2.0
176,1,100,0,5.0
176,2,89,0,4.8
176,3,88,0,4.8
176,4,88,0,4.8
176,5,95,0,4.9
176,6,89,0,4.8
176,7,95,0,4.9
176,8,94,0,4.9
176,9,85,0,4.7
176,10,89,0,4.8
176,11,93,0,4.9
176,12,88,0,4.8
177,1,92,0,4.8
177,2,72,0,4.4
177,3,83,0,4.7
177,4,71,0,4.4
177,5,80,0,4.6
177,6,62,0,4.2
177,7,72,0,4.4
177,8,49,0,4.0
177,9,55,0,4.1
177,10,49,0,4.0
177,11,33,1,3.2
177,12,52,1,3.5
178,1,95,0,4.9
178,2,88,0,4.8
178,3,91,0,4.8
178,4,92,0,4.8
178,5,91,0,4.8
178,6,81,0,4.6
178,7,93,0,4.9
178,8,25,0,3.5
178,9,14,0,3.3
178,10,8,1,2.7
178,11,24,1,3.0
178,12,26,1,3.0
179,1,97,0,4.9
179,2,81,0,4.6
179,3,87,0,4.7
179,4,92,0,4.8
179,5,93,0,4.9
179,6,91,0,4.8
179,7,91,0,4.8
179,8,95,0,4.9
179,9,84,0,4.7
179,10,91,0,4.8
179,11,82,0,4.6
179,12,85,0,4.7
180,1,92,0,4.8
180,2,91,0,4.8
180,3,86,0,4.7
180,4,96,0,4.9
180,5,99,0,5.0
180,6,99,0,5.0
180,7,84,0,4.7
180,8,25,0,3.5
180,9,3,0,3.1
180,10,28,1,3.1
180,11,0,2,2.0
180,12,23,2,2.5
181,1,96,0,4.9
181,2,81,0,4.6
181,3,99,0,5.0
181,4,89,0,4.8
181,5,99,0,5.0
181,6,91,0,4.8
181,7,92,0,4.8
181,8,97,0,4.9
181,9,80,0,4.6
181,10,91,0,4.8
181,11,88,0,4.8
181,12,96,0,4.9
182,1,94,0,4.9
182,2,81,0,4.6
182,3,82,0,4.6
182,4,90,0,4.8
182,5,92,0,4.8
182,6,92,0,4.8
182,7,98,0,5.0
182,8,87,0,4.7
182,9,94,0,4.9
182,10,93,0,4.9
182,11,98,0,5.0
182,12,95,0,4.9
183,1,87,0,4.7
183,2,81,0,4.6
183,3,82,0,4.6
183,4,80,0,4.6
183,5,95,0,4.9
183,6,97,0,4.9
183,7,84,0,4.7
183,8,86,0,4.7
183,9,87,0,4.7
183,10,90,0,4.8
183,11,97,0,4.9
183,12,82,0,4.6
184,1,82,0,4.6
184,2,85,0,4.7
184,3,87,0,4.7
184,4,81,0,4.6
184,5,87,0,4.7
184,6,86,0,4.7
184,7,83,0,4.7
184,8,87,0,4.7
184,9,85,0,4.7
184,10,96,0,4.9
184,11,96,0,4.9
184,12,92,0,4.8
185,1,83,0,4.7
185,2,87,0,4.7
185,3,89,0,4.8
185,4,96,0,4.9
185,5,96,0,4.9
185,6,97,0,4.9
185,7,97,0,4.9
185,8,89,0,4.8
185,9,81,0,4.6
185,10,96,0,4.9
185,11,82,0,4.6
185,12,99,0,5.0
186,1,80,0,4.6
186,2,92,0,4.8
186,3,97,0,4.9
186,4,98,0,5.0
186,5,85,0,4.7
186,6,89,0,4.8
186,7,87,0,4.7
186,8,92,0,4.8
186,9,86,0,4.7
186,10,84,0,4.7
186,11,83,0,4.7
186,12,91,0,4.8
187,1,98,0,5.0
187,2,97,0,4.9
187,3,81,0,4.6
187,4,100,0,5.0
187,5,83,0,4.7
187,6,90,0,4.8
187,7,98,0,5.0
187,8,85,0,4.7
187,9,92,0,4.8
187,10,90,0,4.8
187,11,86,0,4.7
187,12,94,0,4.9
188,1,95,0,4.9
188,2,91,0,4.8
188,3,91,0,4.8
188,4,99,0,5.0
188,5,96,0,4.9
188,6,97,0,4.9
188,7,92,0,4.8
188,8,99,0,5.0
188,9,95,0,4.9
188,10,86,0,4.7
188,11,85,0,4.7
188,12,94,0,4.9
189,1,90,0,4.8
189,2,94,0,4.9
189,3,92,0,4.8
189,4,80,0,4.6
189,5,94,0,4.9
189,6,96,0,4.9
189,7,96,0,4.9
189,8,100,0,5.0
189,9,82,0,4.6
189,10,82,0,4.6
189,11,95,0,4.9
189,12,100,0,5.0
190,1,90,0,4.8
190,2,99,0,5.0
190,3,97,0,4.9
190,4,88,0,4.8
190,5,91,0,4.8
190,6,94,0,4.9
190,7,96,0,4.9
190,8,85,0,4.7
190,9,82,0,4.6
190,10,96,0,4.9
190,11,82,0,4.6
190,12,100,0,5.0
191,1,79,0,4.6
191,2,75,0,4.5
191,3,72,0,4.4
191,4,74,0,4.5
191,5,66,0,4.3
191,6,68,0,4.4
191,7,54,0,4.1
191,8,48,0,4.0
191,9,46,0,3.9
191,10,59,0,4.2
191,11,63,1,3.8
191,12,50,2,3.0
192,1,86,0,4.7
192,2,81,0,4.6
192,3,95,0,4.9
192,4,85,0,4.7
192,5,84,0,4.7
192,6,96,0,4.9
192,7,86,0,4.7
192,8,85,0,4.7
192,9,90,0,4.8
192,10,86,0,4.7
192,11,95,0,4.9
192,12,98,0,5.0
193,1,97,0,4.9
193,2,81,0,4.6
193,3,86,0,4.7
193,4,80,0,4.6
193,5,89,0,4.8
193,6,96,0,4.9
193,7,87,0,4.7
193,8,13,1,2.8
193,9,9,1,2.7
193,10,24,1,3.0
193,11,23,2,2.5
193,12,15,3,2.0
194,1,80,0,4.6
194,2,89,0,4.8
194,3,97,0,4.9
194,4,82,0,4.6
194,5,80,0,4.6
194,6,83,0,4.7
194,7,86,0,4.7
194,8,100,0,5.0
194,9,94,0,4.9
194,10,82,0,4.6
194,11,96,0,4.9
194,12,96,0,4.9
195,1,81,0,4.6
195,2,85,0,4.7
195,3,67,0,4.3
195,4,63,0,4.3
195,5,60,0,4.2
195,6,82,1,4.1
195,7,55,1,3.6
195,8,47,1,3.4
195,9,55,1,3.6
195,10,58,1,3.7
195,11,66,2,3.3
195,12,49,3,2.5
196,1,80,0,4.6
196,2,98,0,5.0
196,3,93,0,4.9
196,4,91,0,4.8
196,5,83,0,4.7
196,6,93,0,4.9
196,7,87,0,4.7
196,8,90,0,4.8
196,9,82,0,4.6
196,10,81,0,4.6
196,11,97,0,4.9
196,12,80,0,4.6
197,1,95,0,4.9
197,2,92,0,4.8
197,3,92,0,4.8
197,4,85,0,4.7
197,5,94,0,4.9
197,6,91,0,4.8
197,7,92,0,4.8
197,8,98,0,5.0
197,9,100,0,5.0
197,10,85,0,4.7
197,11,84,0,4.7
197,12,98,0,5.0
198,1,85,0,4.7
198,2,85,0,4.7
198,3,83,0,4.7
198,4,94,0,4.9
198,5,88,0,4.8
198,6,88,0,4.8
198,7,96,0,4.9
198,8,94,0,4.9
198,9,95,0,4.9
198,10,100,0,5.0
198,11,98,0,5.0
198,12,97,0,4.9
199,1,97,0,4.9
199,2,80,0,4.6
199,3,98,0,5.0
199,4,92,0,4.8
199,5,90,0,4.8
199,6,97,0,4.9
199,7,84,0,4.7
199,8,81,0,4.6
199,9,99,0,5.0
199,10,98,0,5.0
199,11,86,0,4.7
199,12,88,0,4.8
200,1,85,0,4.7
200,2,84,0,4.7
200,3,83,0,4.7
200,4,84,0,4.7
200,5,96,0,4.9
200,6,89,0,4.8
200,7,87,0,4.7
200,8,99,0,5.0
200,9,85,0,4.7
200,10,98,0,5.0
200,11,97,0,4.9
200,12,96,0,4.9
201,1,84,0,4.7
201,2,98,0,5.0
201,3,90,0,4.8
201,4,82,0,4.6
201,5,82,0,4.6
201,6,100,0,5.0
201,7,85,0,4.7
201,8,90,0,4.8
201,9,83,0,4.7
201,10,83,0,4.7
201,11,83,0,4.7
201,12,85,0,4.7
202,1,94,0,4.9
202,2,95,0,4.9
202,3,95,0,4.9
202,4,100,0,5.0
202,5,97,0,4.9
202,6,87,0,4.7
202,7,95,0,4.9
202,8,97,0,4.9
202,9,92,0,4.8
202,10,86,0,4.7
202,11,81,0,4.6
202,12,89,0,4.8
203,1,87,0,4.7
203,2,81,0,4.6
203,3,90,0,4.8
203,4,95,0,4.9
203,5,81,0,4.6
203,6,88,0,4.8
203,7,83,0,4.7
203,8,100,0,5.0
203,9,85,0,4.7
203,10,91,0,4.8
203,11,99,0,5.0
203,12,88,0,4.8
204,1,97,0,4.9
204,2,91,0,4.8
204,3,92,0,4.8
204,4,88,0,4.8
204,5,83,0,4.7
204,6,83,0,4.7
204,7,100,0,5.0
204,8,90,0,4.8
204,9,90,0,4.8
204,10,89,0,4.8
204,11,91,0,4.8
204,12,91,0,4.8
205,1,88,0,4.8
205,2,98,0,5.0
205,3,94,0,4.9
205,4,96,0,4.9
205,5,90,0,4.8
205,6,81,0,4.6
205,7,96,0,4.9
205,8,87,0,4.7
205,9,86,0,4.7
205,10,93,0,4.9
205,11,87,0,4.7
205,12,99,0,5.0
206,1,81,0,4.6
206,2,97,0,4.9
206,3,99,0,5.0
206,4,81,0,4.6
206,5,80,0,4.6
206,6,88,0,4.8
206,7,89,0,4.8
206,8,84,0,4.7
206,9,100,0,5.0
206,10,90,0,4.8
206,11,90,0,4.8
206,12,92,0,4.8
207,1,81,0,4.6
207,2,88,0,4.8
207,3,91,0,4.8
207,4,92,0,4.8
207,5,99,0,5.0
207,6,99,0,5.0
207,7,82,0,4.6
207,8,90,0,4.8
207,9,96,0,4.9
207,10,83,0,4.7
207,11,86,0,4.7
207,12,81,0,4.6
208,1,82,0,4.6
208,2,80,0,4.6
208,3,94,0,4.9
208,4,96,0,4.9
208,5,98,0,5.0
208,6,87,0,4.7
208,7,96,0,4.9
208,8,90,0,4.8
208,9,94,0,4.9
208,10,94,0,4.9
208,11,82,0,4.6
208,12,83,0,4.7
209,1,80,0,4.6
209,2,84,0,4.7
209,3,87,0,4.7
209,4,84,0,4.7
209,5,95,0,4.9
209,6,84,0,4.7
209,7,98,0,5.0
209,8,94,0,4.9
209,9,95,0,4.9
209,10,87,0,4.7
209,11,87,0,4.7
209,12,82,0,4.6
210,1,95,0,4.9
210,2,93,0,4.9
210,3,99,0,5.0
210,4,83,0,4.7
210,5,83,0,4.7
210,6,82,0,4.6
210,7,91,0,4.8
210,8,92,0,4.8
210,9,98,0,5.0
210,10,98,0,5.0
210,11,91,0,4.8
210,12,88,0,4.8
211,1,97,0,4.9
211,2,94,0,4.9
211,3,80,0,4.6
211,4,84,0,4.7
211,5,81,0,4.6
211,6,97,0,4.9
211,7,91,0,4.8
211,8,100,0,5.0
211,9,93,0,4.9
211,10,96,0,4.9
211,11,96,0,4.9
211,12,81,0,4.6
212,1,96,0,4.9
212,2,88,0,4.8
212,3,84,0,4.7
212,4,91,0,4.8
212,5,100,0,5.0
212,6,88,0,4.8
212,7,86,0,4.7
212,8,97,0,4.9
212,9,99,0,5.0
212,10,89,0,4.8
212,11,90,0,4.8
212,12,99,0,5.0
213,1,88,0,4.8
213,2,80,0,4.6
213,3,78,0,4.6
213,4,70,0,4.4
213,5,69,0,4.4
213,6,67,1,3.8
213,7,64,1,3.8
213,8,67,1,3.8
213,9,61,1,3.7
213,10,46,1,3.4
213,11,57,2,3.1
213,12,35,2,2.7
214,1,98,0,5.0
214,2,89,0,4.8
214,3,88,0,4.8
214,4,86,0,4.7
214,5,89,0,4.8
214,6,80,0,4.6
214,7,91,0,4.8
214,8,22,1,2.9
214,9,5,1,2.6
214,10,23,2,2.5
214,11,25,3,2.0
214,12,5,4,2.0
215,1,85,0,4.7
215,2,86,0,4.7
215,3,91,0,4.8
215,4,94,0,4.9
215,5,84,0,4.7
215,6,80,0,4.6
215,7,86,0,4.7
215,8,88,0,4.8
215,9,93,0,4.9
215,10,92,0,4.8
215,11,90,0,4.8
215,12,81,0,4.6
216,1,98,0,5.0
216,2,97,0,4.9
216,3,100,0,5.0
216,4,96,0,4.9
216,5,100,0,5.0
216,6,82,0,4.6
216,7,82,0,4.6
216,8,91,0,4.8
216,9,100,0,5.0
216,10,87,0,4.7
216,11,90,0,4.8
216,12,82,0,4.6
217,1,81,0,4.6
217,2,84,0,4.7
217,3,82,0,4.6
217,4,81,0,4.6
217,5,94,0,4.9
217,6,87,0,4.7
217,7,90,0,4.8
217,8,100,0,5.0
217,9,97,0,4.9
217,10,82,0,4.6
217,11,91,0,4.8
217,12,89,0,4.8
218,1,88,0,4.8
218,2,90,0,4.8
218,3,83,0,4.7
218,4,70,0,4.4
218,5,74,1,4.0
218,6,79,1,4.1
218,7,57,1,3.6
218,8,49,1,3.5
218,9,69,2,3.4
218,10,38,2,2.8
218,11,48,2,3.0
218,12,42,2,2.8
219,1,97,0,4.9
219,2,89,0,4.8
219,3,80,0,4.6
219,4,89,0,4.8
219,5,89,0,4.8
219,6,83,0,4.7
219,7,85,0,4.7
219,8,88,0,4.8
219,9,96,0,4.9
219,10,87,0,4.7
219,11,80,0,4.6
219,12,87,0,4.7
220,1,80,0,4.6
220,2,83,0,4.7
220,3,89,0,4.8
220,4,80,0,4.6
220,5,85,0,4.7
220,6,89,0,4.8
220,7,96,0,4.9
220,8,95,0,4.9
220,9,87,0,4.7
220,10,93,0,4.9
220,11,97,0,4.9
220,12,85,0,4.7
221,1,93,0,4.9
221,2,87,0,4.7
221,3,95,0,4.9
221,4,85,0,4.7
221,5,85,0,4.7
221,6,94,0,4.9
221,7,80,0,4.6
221,8,88,0,4.8
221,9,90,0,4.8
221,10,83,0,4.7
221,11,84,0,4.7
221,12,93,0,4.9
222,1,93,0,4.9
222,2,90,0,4.8
222,3,81,0,4.6
222,4,97,0,4.9
222,5,80,0,4.6
222,6,93,0,4.9
222,7,93,0,4.9
222,8,11,1,2.7
222,9,19,1,2.9
222,10,26,2,2.5
222,11,11,3,2.0
222,12,7,3,2.0
223,1,94,0,4.9
223,2,91,0,4.8
223,3,100,0,5.0
223,4,97,0,4.9
223,5,82,0,4.6
223,6,96,0,4.9
223,7,80,0,4.6
223,8,90,0,4.8
223,9,99,0,5.0
223,10,85,0,4.7
223,11,83,0,4.7
223,12,89,0,4.8
224,1,86,0,4.7
224,2,88,0,4.8
224,3,84,0,4.7
224,4,98,0,5.0
224,5,82,0,4.6
224,6,84,0,4.7
224,7,94,0,4.9
224,8,85,0,4.7
224,9,99,0,5.0
224,10,91,0,4.8
224,11,88,0,4.8
224,12,85,0,4.7
225,1,93,0,4.9
225,2,100,0,5.0
225,3,96,0,4.9
225,4,94,0,4.9
225,5,85,0,4.7
225,6,92,0,4.8
225,7,91,0,4.8
225,8,88,0,4.8
225,9,81,0,4.6
225,10,82,0,4.6
225,11,88,0,4.8
225,12,81,0,4.6
226,1,91,0,4.8
226,2,89,0,4.8
226,3,89,0,4.8
226,4,87,0,4.7
226,5,93,0,4.9
226,6,94,0,4.9
226,7,92,0,4.8
226,8,91,0,4.8
226,9,90,0,4.8
226,10,96,0,4.9
226,11,81,0,4.6
226,12,100,0,5.0
227,1,82,0,4.6
227,2,81,0,4.6
227,3,85,0,4.7
227,4,99,0,5.0
227,5,98,0,5.0
227,6,93,0,4.9
227,7,92,0,4.8
227,8,90,0,4.8
227,9,82,0,4.6
227,10,81,0,4.6
227,11,91,0,4.8
227,12,82,0,4.6
228,1,93,0,4.9
228,2,85,0,4.7
228,3,89,0,4.8
228,4,83,0,4.7
228,5,94,0,4.9
228,6,92,0,4.8
228,7,95,0,4.9
228,8,84,0,4.7
228,9,89,0,4.8
228,10,87,0,4.7
228,11,91,0,4.8
228,12,97,0,4.9
229,1,98,0,5.0
229,2,82,0,4.6
229,3,86,0,4.7
229,4,93,0,4.9
229,5,92,0,4.8
229,6,92,0,4.8
229,7,97,0,4.9
229,8,81,0,4.6
229,9,85,0,4.7
229,10,99,0,5.0
229,11,99,0,5.0
229,12,88,0,4.8
230,1,95,0,4.9
230,2,80,0,4.6
230,3,91,0,4.8
230,4,100,0,5.0
230,5,97,0,4.9
230,6,96,0,4.9
230,7,97,0,4.9
230,8,83,0,4.7
230,9,85,0,4.7
230,10,94,0,4.9
230,11,89,0,4.8
230,12,91,0,4.8
231,1,94,0,4.9
231,2,86,0,4.7
231,3,74,0,4.5
231,4,79,1,4.1
231,5,68,1,3.9
231,6,59,2,3.2
231,7,64,2,3.3
231,8,54,3,2.6
231,9,48,3,2.5
231,10,64,3,2.8
231,11,47,3,2.4
231,12,61,4,2.2
232,1,100,0,5.0
232,2,88,0,4.8
232,3,95,0,4.9
232,4,80,0,4.6
232,5,90,0,4.8
232,6,86,0,4.7
232,7,99,0,5.0
232,8,98,0,5.0
232,9,96,0,4.9
232,10,80,0,4.6
232,11,99,0,5.0
232,12,99,0,5.0
233,1,85,0,4.7
233,2,88,0,4.8
233,3,86,0,4.7
233,4,80,0,4.6
233,5,93,0,4.9
233,6,82,0,4.6
233,7,88,0,4.8
233,8,93,0,4.9
233,9,100,0,5.0
233,10,96,0,4.9
233,11,99,0,5.0
233,12,99,0,5.0
234,1,97,0,4.9
234,2,85,0,4.7
234,3,86,0,4.7
234,4,92,0,4.8
234,5,91,0,4.8
234,6,92,0,4.8
234,7,92,0,4.8
234,8,96,0,4.9
234,9,100,0,5.0
234,10,89,0,4.8
234,11,88,0,4.8
234,12,98,0,5.0
235,1,80,0,4.6
235,2,90,0,4.8
235,3,85,0,4.7
235,4,78,1,4.1
235,5,75,1,4.0
235,6,67,2,3.3
235,7,75,2,3.5
235,8,50,3,2.5
235,9,50,3,2.5
235,10,51,3,2.5
235,11,65,3,2.8
235,12,52,4,2.0
236,1,97,0,4.9
236,2,97,0,4.9
236,3,98,0,5.0
236,4,99,0,5.0
236,5,86,0,4.7
236,6,87,0,4.7
236,7,94,0,4.9
236,8,98,0,5.0
236,9,87,0,4.7
236,10,89,0,4.8
236,11,95,0,4.9
236,12,88,0,4.8
237,1,99,0,5.0
237,2,82,0,4.6
237,3,83,0,4.7
237,4,80,0,4.6
237,5,90,0,4.8
237,6,88,0,4.8
237,7,86,0,4.7
237,8,92,0,4.8
237,9,84,0,4.7
237,10,85,0,4.7
237,11,93,0,4.9
237,12,80,0,4.6
238,1,77,0,4.5
238,2,90,0,4.8
238,3,76,0,4.5
238,4,75,0,4.5
238,5,72,0,4.4
238,6,69,1,3.9
238,7,61,1,3.7
238,8,59,1,3.7
238,9,62,1,3.7
238,10,44,1,3.4
238,11,49,1,3.5
238,12,54,1,3.6
239,1,96,0,4.9
239,2,100,0,5.0
239,3,90,0,4.8
239,4,92,0,4.8
239,5,90,0,4.8
239,6,93,0,4.9
239,7,92,0,4.8
239,8,100,0,5.0
239,9,84,0,4.7
239,10,96,0,4.9
239,11,83,0,4.7
239,12,93,0,4.9
240,1,80,0,4.6
240,2,95,0,4.9
240,3,98,0,5.0
240,4,87,0,4.7
240,5,100,0,5.0
240,6,95,0,4.9
240,7,84,0,4.7
240,8,27,1,3.0
240,9,5,1,2.6
240,10,9,1,2.7
240,11,11,1,2.7
240,12,28,1,3.1
241,1,87,0,4.7
241,2,91,0,4.8
241,3,92,0,4.8
241,4,96,0,4.9
241,5,84,0,4.7
241,6,92,0,4.8
241,7,80,0,4.6
241,8,95,0,4.9
241,9,92,0,4.8
241,10,80,0,4.6
241,11,95,0,4.9
241,12,93,0,4.9
242,1,99,0,5.0
242,2,82,0,4.6
242,3,89,0,4.8
242,4,85,0,4.7
242,5,97,0,4.9
242,6,99,0,5.0
242,7,83,0,4.7
242,8,85,0,4.7
242,9,97,0,4.9
242,10,87,0,4.7
242,11,90,0,4.8
242,12,85,0,4.7
243,1,93,0,4.9
243,2,97,0,4.9
243,3,81,0,4.6
243,4,80,0,4.6
243,5,99,0,5.0
243,6,95,0,4.9
243,7,85,0,4.7
243,8,96,0,4.9
243,9,99,0,5.0
243,10,97,0,4.9
243,11,95,0,4.9
243,12,81,0,4.6
244,1,97,0,4.9
244,2,96,0,4.9
244,3,99,0,5.0
244,4,84,0,4.7
244,5,83,0,4.7
244,6,96,0,4.9
244,7,91,0,4.8
244,8,94,0,4.9
244,9,80,0,4.6
244,10,89,0,4.8
244,11,89,0,4.8
244,12,89,0,4.8
245,1,100,0,5.0
245,2,96,0,4.9
245,3,94,0,4.9
245,4,84,0,4.7
245,5,82,0,4.6
245,6,80,0,4.6
245,7,88,0,4.8
245,8,80,0,4.6
245,9,84,0,4.7
245,10,96,0,4.9
245,11,91,0,4.8
245,12,81,0,4.6
246,1,84,0,4.7
246,2,76,0,4.5
246,3,72,0,4.4
246,4,84,1,4.2
246,5,65,2,3.3
246,6,78,2,3.6
246,7,52,2,3.0
246,8,60,3,2.7
246,9,54,3,2.6
246,10,50,3,2.5
246,11,36,3,2.2
246,12,42,3,2.3
247,1,85,0,4.7
247,2,71,0,4.4
247,3,78,0,4.6
247,4,69,0,4.4
247,5,83,0,4.7
247,6,80,0,4.6
247,7,65,0,4.3
247,8,48,0,4.0
247,9,48,0,4.0
247,10,59,0,4.2
247,11,58,1,3.7
247,12,34,1,3.2
248,1,87,0,4.7
248,2,92,0,4.8
248,3,76,0,4.5
248,4,83,0,4.7
248,5,76,0,4.5
248,6,68,0,4.4
248,7,70,0,4.4
248,8,49,0,4.0
248,9,53,0,4.1
248,10,39,1,3.3
248,11,27,1,3.0
248,12,56,1,3.6
249,1,84,0,4.7
249,2,87,0,4.7
249,3,78,0,4.6
249,4,68,1,3.9
249,5,84,1,4.2
249,6,81,1,4.1
249,7,59,1,3.7
249,8,48,1,3.5
249,9,72,1,3.9
249,10,51,2,3.0
249,11,31,3,2.1
249,12,41,3,2.3
250,1,90,0,4.8
250,2,89,0,4.8
250,3,96,0,4.9
250,4,99,0,5.0
250,5,88,0,4.8
250,6,95,0,4.9
250,7,87,0,4.7
250,8,89,0,4.8
250,9,98,0,5.0
250,10,88,0,4.8
250,11,88,0,4.8
250,12,92,0,4.8
251,1,95,0,4.9
251,2,88,0,4.8
251,3,95,0,4.9
251,4,90,0,4.8
251,5,85,0,4.7
251,6,94,0,4.9
251,7,87,0,4.7
251,8,80,0,4.6
251,9,99,0,5.0
251,10,99,0,5.0
251,11,86,0,4.7
251,12,99,0,5.0
252,1,82,0,4.6
252,2,89,0,4.8
252,3,87,0,4.7
252,4,99,0,5.0
252,5,84,0,4.7
252,6,89,0,4.8
252,7,87,0,4.7
252,8,91,0,4.8
252,9,88,0,4.8
252,10,92,0,4.8
252,11,99,0,5.0
252,12,82,0,4.6
253,1,96,0,4.9
253,2,89,0,4.8
253,3,90,0,4.8
253,4,95,0,4.9
253,5,92,0,4.8
253,6,97,0,4.9
253,7,95,0,4.9
253,8,24,0,3.5
253,9,27,0,3.5
253,10,0,1,2.5
253,11,7,1,2.6
253,12,8,1,2.7
254,1,89,0,4.8
254,2,82,0,4.6
254,3,86,0,4.7
254,4,81,0,4.6
254,5,82,0,4.6
254,6,93,0,4.9
254,7,89,0,4.8
254,8,99,0,5.0
254,9,85,0,4.7
254,10,88,0,4.8
254,11,100,0,5.0
254,12,95,0,4.9
255,1,80,0,4.6
255,2,92,0,4.8
255,3,92,0,4.8
255,4,91,0,4.8
255,5,81,0,4.6
255,6,87,0,4.7
255,7,87,0,4.7
255,8,89,0,4.8
255,9,84,0,4.7
255,10,86,0,4.7
255,11,89,0,4.8
255,12,82,0,4.6
256,1,80,0,4.6
256,2,81,0,4.6
256,3,82,0,4.6
256,4,82,0,4.6
256,5,81,0,4.6
256,6,92,0,4.8
256,7,88,0,4.8
256,8,98,0,5.0
256,9,85,0,4.7
256,10,82,0,4.6
256,11,90,0,4.8
256,12,97,0,4.9
257,1,83,0,4.7
257,2,90,0,4.8
257,3,97,0,4.9
257,4,93,0,4.9
257,5,87,0,4.7
257,6,97,0,4.9
257,7,91,0,4.8
257,8,83,0,4.7
257,9,98,0,5.0
257,10,88,0,4.8
257,11,100,0,5.0
257,12,89,0,4.8
258,1,86,0,4.7
258,2,91,0,4.8
258,3,95,0,4.9
258,4,88,0,4.8
258,5,83,0,4.7
258,6,93,0,4.9
258,7,90,0,4.8
258,8,93,0,4.9
258,9,87,0,4.7
258,10,86,0,4.7
258,11,95,0,4.9
258,12,99,0,5.0
259,1,95,0,4.9
259,2,96,0,4.9
259,3,89,0,4.8
259,4,86,0,4.7
259,5,83,0,4.7
259,6,81,0,4.6
259,7,88,0,4.8
259,8,92,0,4.8
259,9,85,0,4.7
259,10,91,0,4.8
259,11,94,0,4.9
259,12,97,0,4.9
260,1,100,0,5.0
260,2,90,0,4.8
260,3,95,0,4.9
260,4,80,0,4.6
260,5,99,0,5.0
260,6,98,0,5.0
260,7,81,0,4.6
260,8,85,0,4.7
260,9,87,0,4.7
260,10,81,0,4.6
260,11,81,0,4.6
260,12,92,0,4.8
261,1,86,0,4.7
261,2,99,0,5.0
261,3,95,0,4.9
261,4,94,0,4.9
261,5,81,0,4.6
261,6,87,0,4.7
261,7,86,0,4.7
261,8,96,0,4.9
261,9,95,0,4.9
261,10,89,0,4.8
261,11,100,0,5.0
261,12,84,0,4.7
262,1,83,0,4.7
262,2,83,0,4.7
262,3,100,0,5.0
262,4,93,0,4.9
262,5,96,0,4.9
262,6,92,0,4.8
262,7,96,0,4.9
262,8,92,0,4.8
262,9,80,0,4.6
262,10,90,0,4.8
262,11,83,0,4.7
262,12,81,0,4.6
263,1,94,0,4.9
263,2,94,0,4.9
263,3,86,0,4.7
263,4,84,0,4.7
263,5,81,0,4.6
263,6,99,0,5.0
263,7,85,0,4.7
263,8,83,0,4.7
263,9,89,0,4.8
263,10,97,0,4.9
263,11,88,0,4.8
263,12,81,0,4.6
264,1,91,0,4.8
264,2,98,0,5.0
264,3,80,0,4.6
264,4,87,0,4.7
264,5,82,0,4.6
264,6,90,0,4.8
264,7,98,0,5.0
264,8,88,0,4.8
264,9,97,0,4.9
264,10,96,0,4.9
264,11,87,0,4.7
264,12,88,0,4.8
265,1,81,0,4.6
265,2,88,0,4.8
265,3,87,0,4.7
265,4,87,0,4.7
265,5,82,0,4.6
265,6,97,0,4.9
265,7,96,0,4.9
265,8,88,0,4.8
265,9,99,0,5.0
265,10,83,0,4.7
265,11,85,0,4.7
265,12,81,0,4.6
266,1,92,0,4.8
266,2,87,0,4.7
266,3,86,0,4.7
266,4,83,0,4.7
266,5,100,0,5.0
266,6,85,0,4.7
266,7,97,0,4.9
266,8,85,0,4.7
266,9,99,0,5.0
266,10,98,0,5.0
266,11,93,0,4.9
266,12,91,0,4.8
267,1,86,0,4.7
267,2,89,0,4.8
267,3,94,0,4.9
267,4,96,0,4.9
267,5,98,0,5.0
267,6,97,0,4.9
267,7,83,0,4.7
267,8,100,0,5.0
267,9,80,0,4.6
267,10,85,0,4.7
267,11,100,0,5.0
267,12,81,0,4.6
268,1,100,0,5.0
268,2,95,0,4.9
268,3,99,0,5.0
268,4,100,0,5.0
268,5,95,0,4.9
268,6,86,0,4.7
268,7,82,0,4.6
268,8,17,1,2.8
268,9,11,1,2.7
268,10,3,2,2.1
268,11,12,2,2.2
268,12,17,2,2.3
269,1,92,0,4.8
269,2,96,0,4.9
269,3,94,0,4.9
269,4,96,0,4.9
269,5,92,0,4.8
269,6,86,0,4.7
269,7,83,0,4.7
269,8,90,0,4.8
269,9,91,0,4.8
269,10,84,0,4.7
269,11,95,0,4.9
269,12,100,0,5.0
270,1,89,0,4.8
270,2,99,0,5.0
270,3,97,0,4.9
270,4,95,0,4.9
270,5,98,0,5.0
270,6,96,0,4.9
270,7,84,0,4.7
270,8,84,0,4.7
270,9,96,0,4.9
270,10,86,0,4.7
270,11,100,0,5.0
270,12,98,0,5.0
271,1,91,0,4.8
271,2,80,0,4.6
271,3,75,0,4.5
271,4,83,0,4.7
271,5,67,1,3.8
271,6,59,2,3.2
271,7,69,3,2.9
271,8,55,4,2.1
271,9,46,4,2.0
271,10,64,4,2.3
271,11,49,4,2.0
271,12,55,4,2.1
272,1,95,0,4.9
272,2,99,0,5.0
272,3,96,0,4.9
272,4,92,0,4.8
272,5,84,0,4.7
272,6,82,0,4.6
272,7,89,0,4.8
272,8,88,0,4.8
272,9,96,0,4.9
272,10,97,0,4.9
272,11,93,0,4.9
272,12,95,0,4.9
273,1,97,0,4.9
273,2,85,0,4.7
273,3,82,0,4.6
273,4,86,0,4.7
273,5,87,0,4.7
273,6,96,0,4.9
273,7,94,0,4.9
273,8,95,0,4.9
273,9,89,0,4.8
273,10,93,0,4.9
273,11,82,0,4.6
273,12,98,0,5.0
274,1,96,0,4.9
274,2,88,0,4.8
274,3,93,0,4.9
274,4,98,0,5.0
274,5,82,0,4.6
274,6,91,0,4.8
274,7,88,0,4.8
274,8,83,0,4.7
274,9,94,0,4.9
274,10,82,0,4.6
274,11,91,0,4.8
274,12,88,0,4.8
275,1,98,0,5.0
275,2,95,0,4.9
275,3,83,0,4.7
275,4,100,0,5.0
275,5,91,0,4.8
275,6,81,0,4.6
275,7,81,0,4.6
275,8,81,0,4.6
275,9,86,0,4.7
275,10,80,0,4.6
275,11,95,0,4.9
275,12,99,0,5.0
276,1,93,0,4.9
276,2,84,0,4.7
276,3,86,0,4.7
276,4,98,0,5.0
276,5,94,0,4.9
276,6,89,0,4.8
276,7,91,0,4.8
276,8,82,0,4.6
276,9,96,0,4.9
276,10,96,0,4.9
276,11,85,0,4.7
276,12,100,0,5.0
277,1,92,0,4.8
277,2,98,0,5.0
277,3,83,0,4.7
277,4,82,0,4.6
277,5,93,0,4.9
277,6,96,0,4.9
277,7,93,0,4.9
277,8,90,0,4.8
277,9,88,0,4.8
277,10,83,0,4.7
277,11,84,0,4.7
277,12,83,0,4.7
278,1,81,0,4.6
278,2,82,0,4.6
278,3,93,0,4.9
278,4,87,0,4.7
278,5,100,0,5.0
278,6,87,0,4.7
278,7,80,0,4.6
278,8,94,0,4.9
278,9,82,0,4.6
278,10,81,0,4.6
278,11,85,0,4.7
278,12,99,0,5.0
279,1,87,0,4.7
279,2,83,0,4.7
279,3,100,0,5.0
279,4,98,0,5.0
279,5,98,0,5.0
279,6,96,0,4.9
279,7,95,0,4.9
279,8,99,0,5.0
279,9,98,0,5.0
279,10,84,0,4.7
279,11,98,0,5.0
279,12,83,0,4.7
280,1,83,0,4.7
280,2,86,0,4.7
280,3,97,0,4.9
280,4,82,0,4.6
280,5,82,0,4.6
280,6,85,0,4.7
280,7,94,0,4.9
280,8,91,0,4.8
280,9,84,0,4.7
280,10,80,0,4.6
280,11,83,0,4.7
280,12,84,0,4.7
281,1,96,0,4.9
281,2,87,0,4.7
281,3,97,0,4.9
281,4,90,0,4.8
281,5,82,0,4.6
281,6,92,0,4.8
281,7,89,0,4.8
281,8,86,0,4.7
281,9,98,0,5.0
281,10,95,0,4.9
281,11,88,0,4.8
281,12,83,0,4.7
282,1,100,0,5.0
282,2,95,0,4.9
282,3,80,0,4.6
282,4,85,0,4.7
282,5,86,0,4.7
282,6,99,0,5.0
282,7,98,0,5.0
282,8,13,0,3.3
282,9,18,1,2.9
282,10,0,1,2.5
282,11,28,2,2.6
282,12,20,2,2.4
283,1,83,0,4.7
283,2,93,0,4.9
283,3,84,0,4.7
283,4,89,0,4.8
283,5,86,0,4.7
283,6,87,0,4.7
283,7,91,0,4.8
283,8,97,0,4.9
283,9,86,0,4.7
283,10,83,0,4.7
283,11,82,0,4.6
283,12,80,0,4.6
284,1,94,0,4.9
284,2,93,0,4.9
284,3,91,0,4.8
284,4,83,0,4.7
284,5,81,0,4.6
284,6,98,0,5.0
284,7,81,0,4.6
284,8,92,0,4.8
284,9,83,0,4.7
284,10,83,0,4.7
284,11,100,0,5.0
284,12,100,0,5.0
285,1,77,0,4.5
285,2,82,0,4.6
285,3,71,0,4.4
285,4,75,1,4.0
285,5,74,1,4.0
285,6,79,2,3.6
285,7,48,2,3.0
285,8,56,2,3.1
285,9,53,3,2.6
285,10,57,4,2.1
285,11,29,4,2.0
285,12,40,4,2.0
286,1,99,0,5.0
286,2,95,0,4.9
286,3,86,0,4.7
286,4,93,0,4.9
286,5,86,0,4.7
286,6,88,0,4.8
286,7,89,0,4.8
286,8,87,0,4.7
286,9,96,0,4.9
286,10,86,0,4.7
286,11,85,0,4.7
286,12,86,0,4.7
287,1,97,0,4.9
287,2,80,0,4.6
287,3,67,0,4.3
287,4,68,1,3.9
287,5,56,1,3.6
287,6,65,1,3.8
287,7,62,1,3.7
287,8,66,2,3.3
287,9,49,2,3.0
287,10,56,2,3.1
287,11,43,2,2.9
287,12,38,2,2.8
288,1,79,0,4.6
288,2,90,0,4.8
288,3,68,0,4.4
288,4,69,0,4.4
288,5,68,0,4.4
288,6,81,0,4.6
288,7,58,0,4.2
288,8,50,0,4.0
288,9,44,0,3.9
288,10,70,0,4.4
288,11,56,0,4.1
288,12,45,0,3.9
289,1,89,0,4.8
289,2,98,0,5.0
289,3,95,0,4.9
289,4,98,0,5.0
289,5,80,0,4.6
289,6,100,0,5.0
289,7,93,0,4.9
289,8,98,0,5.0
289,9,90,0,4.8
289,10,95,0,4.9
289,11,85,0,4.7
289,12,84,0,4.7
290,1,93,0,4.9
290,2,84,0,4.7
290,3,90,0,4.8
290,4,92,0,4.8
290,5,85,0,4.7
290,6,92,0,4.8
290,7,94,0,4.9
290,8,9,1,2.7
290,9,1,2,2.0
290,10,7,2,2.1
290,11,8,2,2.2
290,12,0,2,2.0
291,1,91,0,4.8
291,2,87,0,4.7
291,3,95,0,4.9
291,4,91,0,4.8
291,5,100,0,5.0
291,6,91,0,4.8
291,7,84,0,4.7
291,8,99,0,5.0
291,9,100,0,5.0
291,10,83,0,4.7
291,11,80,0,4.6
291,12,84,0,4.7
292,1,95,0,4.9
292,2,73,0,4.5
292,3,81,0,4.6
292,4,73,0,4.5
292,5,61,0,4.2
292,6,63,0,4.3
292,7,60,0,4.2
292,8,60,0,4.2
292,9,45,0,3.9
292,10,31,1,3.1
292,11,52,1,3.5
292,12,34,1,3.2
293,1,94,0,4.9
293,2,91,0,4.8
293,3,99,0,5.0
293,4,80,0,4.6
293,5,88,0,4.8
293,6,97,0,4.9
293,7,98,0,5.0
293,8,97,0,4.9
293,9,99,0,5.0
293,10,80,0,4.6
293,11,84,0,4.7
293,12,96,0,4.9
294,1,98,0,5.0
294,2,100,0,5.0
294,3,95,0,4.9
294,4,99,0,5.0
294,5,99,0,5.0
294,6,92,0,4.8
294,7,83,0,4.7
294,8,89,0,4.8
294,9,98,0,5.0
294,10,93,0,4.9
294,11,91,0,4.8
294,12,99,0,5.0
295,1,96,0,4.9
295,2,87,0,4.7
295,3,97,0,4.9
295,4,87,0,4.7
295,5,82,0,4.6
295,6,83,0,4.7
295,7,91,0,4.8
295,8,88,0,4.8
295,9,80,0,4.6
295,10,93,0,4.9
295,11,98,0,5.0
295,12,87,0,4.7
296,1,87,0,4.7
296,2,86,0,4.7
296,3,84,0,4.7
296,4,96,0,4.9
296,5,87,0,4.7
296,6,98,0,5.0
296,7,99,0,5.0
296,8,92,0,4.8
296,9,90,0,4.8
296,10,94,0,4.9
296,11,95,0,4.9
296,12,91,0,4.8
297,1,100,0,5.0
297,2,96,0,4.9
297,3,82,0,4.6
297,4,97,0,4.9
297,5,98,0,5.0
297,6,89,0,4.8
297,7,95,0,4.9
297,8,83,0,4.7
297,9,93,0,4.9
297,10,86,0,4.7
297,11,96,0,4.9
297,12,92,0,4.8
298,1,91,0,4.8
298,2,81,0,4.6
298,3,89,0,4.8
298,4,98,0,5.0
298,5,98,0,5.0
298,6,80,0,4.6
298,7,95,0,4.9
298,8,92,0,4.8
298,9,100,0,5.0
298,10,93,0,4.9
298,11,94,0,4.9
298,12,80,0,4.6
299,1,98,0,5.0
299,2,94,0,4.9
299,3,95,0,4.9
299,4,97,0,4.9
299,5,91,0,4.8
299,6,81,0,4.6
299,7,89,0,4.8
299,8,91,0,4.8
299,9,84,0,4.7
299,10,91,0,4.8
299,11,80,0,4.6
299,12,97,0,4.9
300,1,86,0,4.7
300,2,85,0,4.7
300,3,98,0,5.0
300,4,100,0,5.0
300,5,89,0,4.8
300,6,85,0,4.7
300,7,97,0,4.9
300,8,92,0,4.8
300,9,100,0,5.0
300,10,90,0,4.8
300,11,90,0,4.8
300,12,100,0,5.0
301,1,83,0,4.7
301,2,80,0,4.6
301,3,97,0,4.9
301,4,90,0,4.8
301,5,100,0,5.0
301,6,94,0,4.9
301,7,99,0,5.0
301,8,85,0,4.7
301,9,80,0,4.6
301,10,98,0,5.0
301,11,95,0,4.9
301,12,80,0,4.6
302,1,93,0,4.9
302,2,97,0,4.9
302,3,88,0,4.8
302,4,90,0,4.8
302,5,98,0,5.0
302,6,91,0,4.8
302,7,83,0,4.7
302,8,100,0,5.0
302,9,87,0,4.7
302,10,95,0,4.9
302,11,91,0,4.8
302,12,94,0,4.9
303,1,81,0,4.6
303,2,97,0,4.9
303,3,82,0,4.6
303,4,83,0,4.7
303,5,86,0,4.7
303,6,95,0,4.9
303,7,96,0,4.9
303,8,95,0,4.9
303,9,84,0,4.7
303,10,97,0,4.9
303,11,88,0,4.8
303,12,84,0,4.7
304,1,85,0,4.7
304,2,82,0,4.6
304,3,80,0,4.6
304,4,90,0,4.8
304,5,94,0,4.9
304,6,100,0,5.0
304,7,86,0,4.7
304,8,91,0,4.8
304,9,97,0,4.9
304,10,80,0,4.6
304,11,88,0,4.8
304,12,87,0,4.7
305,1,94,0,4.9
305,2,96,0,4.9
305,3,90,0,4.8
305,4,88,0,4.8
305,5,97,0,4.9
305,6,81,0,4.6
305,7,86,0,4.7
305,8,84,0,4.7
305,9,99,0,5.0
305,10,97,0,4.9
305,11,90,0,4.8
305,12,92,0,4.8
306,1,95,0,4.9
306,2,92,0,4.8
306,3,96,0,4.9
306,4,100,0,5.0
306,5,87,0,4.7
306,6,82,0,4.6
306,7,90,0,4.8
306,8,96,0,4.9
306,9,96,0,4.9
306,10,87,0,4.7
306,11,95,0,4.9
306,12,93,0,4.9
307,1,84,0,4.7
307,2,93,0,4.9
307,3,89,0,4.8
307,4,98,0,5.0
307,5,82,0,4.6
307,6,81,0,4.6
307,7,92,0,4.8
307,8,81,0,4.6
307,9,92,0,4.8
307,10,99,0,5.0
307,11,89,0,4.8
307,12,81,0,4.6
308,1,85,0,4.7
308,2,89,0,4.8
308,3,82,0,4.6
308,4,64,1,3.8
308,5,78,1,4.1
308,6,58,1,3.7
308,7,67,2,3.3
308,8,48,2,3.0
308,9,67,2,3.3
308,10,40,2,2.8
308,11,39,2,2.8
308,12,60,2,3.2
309,1,92,0,4.8
309,2,75,0,4.5
309,3,76,0,4.5
309,4,79,0,4.6
309,5,60,0,4.2
309,6,59,0,4.2
309,7,47,1,3.4
309,8,58,1,3.7
309,9,73,1,4.0
309,10,48,2,3.0
309,11,53,2,3.1
309,12,40,2,2.8
310,1,91,0,4.8
310,2,88,0,4.8
310,3,89,0,4.8
310,4,82,0,4.6
310,5,85,1,4.2
310,6,71,2,3.4
310,7,53,3,2.6
310,8,40,3,2.3
310,9,55,3,2.6
310,10,58,3,2.7
310,11,41,3,2.3
310,12,20,4,2.0
311,1,89,0,4.8
311,2,97,0,4.9
311,3,95,0,4.9
311,4,95,0,4.9
311,5,93,0,4.9
311,6,86,0,4.7
311,7,92,0,4.8
311,8,100,0,5.0
311,9,87,0,4.7
311,10,95,0,4.9
311,11,98,0,5.0
311,12,80,0,4.6
312,1,83,0,4.7
312,2,85,0,4.7
312,3,86,0,4.7
312,4,88,0,4.8
312,5,90,0,4.8
312,6,83,0,4.7
312,7,90,0,4.8
312,8,83,0,4.7
312,9,85,0,4.7
312,10,80,0,4.6
312,11,93,0,4.9
312,12,86,0,4.7
313,1,83,0,4.7
313,2,90,0,4.8
313,3,98,0,5.0
313,4,90,0,4.8
313,5,88,0,4.8
313,6,94,0,4.9
313,7,81,0,4.6
313,8,93,0,4.9
313,9,96,0,4.9
313,10,92,0,4.8
313,11,96,0,4.9
313,12,100,0,5.0
314,1,82,0,4.6
314,2,82,0,4.6
314,3,89,0,4.8
314,4,84,0,4.7
314,5,81,0,4.6
314,6,88,0,4.8
314,7,89,0,4.8
314,8,16,1,2.8
314,9,17,2,2.3
314,10,21,2,2.4
314,11,9,3,2.0
314,12,9,4,2.0
315,1,94,0,4.9
315,2,94,0,4.9
315,3,100,0,5.0
315,4,95,0,4.9
315,5,86,0,4.7
315,6,96,0,4.9
315,7,96,0,4.9
315,8,98,0,5.0
315,9,83,0,4.7
315,10,81,0,4.6
315,11,82,0,4.6
315,12,80,0,4.6
316,1,91,0,4.8
316,2,99,0,5.0
316,3,98,0,5.0
316,4,97,0,4.9
316,5,88,0,4.8
316,6,99,0,5.0
316,7,90,0,4.8
316,8,84,0,4.7
316,9,91,0,4.8
316,10,80,0,4.6
316,11,82,0,4.6
316,12,93,0,4.9
317,1,84,0,4.7
317,2,80,0,4.6
317,3,83,0,4.7
317,4,82,0,4.6
317,5,79,1,4.1
317,6,76,1,4.0
317,7,66,2,3.3
317,8,40,3,2.3
317,9,38,4,2.0
317,10,32,4,2.0
317,11,56,4,2.1
317,12,28,4,2.0
318,1,91,0,4.8
318,2,87,0,4.7
318,3,97,0,4.9
318,4,83,0,4.7
318,5,83,0,4.7
318,6,96,0,4.9
318,7,81,0,4.6
318,8,82,0,4.6
318,9,86,0,4.7
318,10,98,0,5.0
318,11,100,0,5.0
318,12,93,0,4.9
319,1,88,0,4.8
319,2,83,0,4.7
319,3,92,0,4.8
319,4,96,0,4.9
319,5,99,0,5.0
319,6,97,0,4.9
319,7,86,0,4.7
319,8,84,0,4.7
319,9,83,0,4.7
319,10,81,0,4.6
319,11,92,0,4.8
319,12,84,0,4.7
320,1,85,0,4.7
320,2,90,0,4.8
320,3,91,0,4.8
320,4,89,0,4.8
320,5,84,0,4.7
320,6,100,0,5.0
320,7,89,0,4.8
320,8,13,1,2.8
320,9,6,2,2.1
320,10,1,3,2.0
320,11,16,4,2.0
320,12,25,5,2.0
321,1,79,0,4.6
321,2,81,0,4.6
321,3,82,0,4.6
321,4,64,0,4.3
321,5,70,0,4.4
321,6,68,0,4.4
321,7,70,0,4.4
321,8,62,0,4.2
321,9,48,0,4.0
321,10,52,1,3.5
321,11,41,2,2.8
321,12,35,2,2.7
322,1,82,0,4.6
322,2,98,0,5.0
322,3,98,0,5.0
322,4,81,0,4.6
322,5,98,0,5.0
322,6,94,0,4.9
322,7,94,0,4.9
322,8,89,0,4.8
322,9,100,0,5.0
322,10,92,0,4.8
322,11,94,0,4.9
322,12,88,0,4.8
323,1,89,0,4.8
323,2,97,0,4.9
323,3,92,0,4.8
323,4,80,0,4.6
323,5,87,0,4.7
323,6,92,0,4.8
323,7,80,0,4.6
323,8,98,0,5.0
323,9,86,0,4.7
323,10,86,0,4.7
323,11,83,0,4.7
323,12,92,0,4.8
324,1,79,0,4.6
324,2,74,0,4.5
324,3,80,0,4.6
324,4,61,0,4.2
324,5,66,1,3.8
324,6,71,1,3.9
324,7,65,1,3.8
324,8,60,1,3.7
324,9,58,1,3.7
324,10,57,1,3.6
324,11,42,1,3.3
324,12,37,1,3.2
325,1,90,0,4.8
325,2,85,0,4.7
325,3,89,0,4.8
325,4,90,0,4.8
325,5,80,0,4.6
325,6,94,0,4.9
325,7,94,0,4.9
325,8,30,1,3.1
325,9,10,2,2.2
325,10,11,2,2.2
325,11,28,2,2.6
325,12,26,3,2.0
326,1,91,0,4.8
326,2,83,0,4.7
326,3,93,0,4.9
326,4,98,0,5.0
326,5,89,0,4.8
326,6,96,0,4.9
326,7,85,0,4.7
326,8,92,0,4.8
326,9,97,0,4.9
326,10,86,0,4.7
326,11,84,0,4.7
326,12,94,0,4.9
327,1,85,0,4.7
327,2,90,0,4.8
327,3,93,0,4.9
327,4,92,0,4.8
327,5,95,0,4.9
327,6,84,0,4.7
327,7,98,0,5.0
327,8,94,0,4.9
327,9,93,0,4.9
327,10,88,0,4.8
327,11,99,0,5.0
327,12,91,0,4.8
328,1,85,0,4.7
328,2,85,0,4.7
328,3,86,0,4.7
328,4,88,0,4.8
328,5,82,0,4.6
328,6,80,0,4.6
328,7,87,0,4.7
328,8,2,1,2.5
328,9,29,2,2.6
328,10,18,3,2.0
328,11,23,3,2.0
328,12,30,3,2.1
329,1,90,0,4.8
329,2,97,0,4.9
329,3,92,0,4.8
329,4,83,0,4.7
329,5,99,0,5.0
329,6,89,0,4.8
329,7,83,0,4.7
329,8,92,0,4.8
329,9,95,0,4.9
329,10,90,0,4.8
329,11,90,0,4.8
329,12,83,0,4.7
330,1,90,0,4.8
330,2,98,0,5.0
330,3,89,0,4.8
330,4,84,0,4.7
330,5,82,0,4.6
330,6,98,0,5.0
330,7,99,0,5.0
330,8,99,0,5.0
330,9,84,0,4.7
330,10,91,0,4.8
330,11,92,0,4.8
330,12,82,0,4.6
331,1,80,0,4.6
331,2,83,0,4.7
331,3,97,0,4.9
331,4,88,0,4.8
331,5,80,0,4.6
331,6,87,0,4.7
331,7,95,0,4.9
331,8,87,0,4.7
331,9,83,0,4.7
331,10,93,0,4.9
331,11,82,0,4.6
331,12,91,0,4.8
332,1,87,0,4.7
332,2,92,0,4.8
332,3,84,0,4.7
332,4,84,0,4.7
332,5,76,1,4.0
332,6,72,1,3.9
332,7,49,1,3.5
332,8,62,1,3.7
332,9,38,2,2.8
332,10,40,3,2.3
332,11,44,3,2.4
332,12,26,3,2.0
333,1,98,0,5.0
333,2,80,0,4.6
333,3,93,0,4.9
333,4,94,0,4.9
333,5,90,0,4.8
333,6,90,0,4.8
333,7,93,0,4.9
333,8,93,0,4.9
333,9,91,0,4.8
333,10,91,0,4.8
333,11,83,0,4.7
333,12,96,0,4.9
334,1,84,0,4.7
334,2,93,0,4.9
334,3,89,0,4.8
334,4,95,0,4.9
334,5,87,0,4.7
334,6,85,0,4.7
334,7,99,0,5.0
334,8,95,0,4.9
334,9,98,0,5.0
334,10,87,0,4.7
334,11,80,0,4.6
334,12,98,0,5.0
335,1,99,0,5.0
335,2,81,0,4.6
335,3,83,0,4.7
335,4,94,0,4.9
335,5,88,0,4.8
335,6,82,0,4.6
335,7,86,0,4.7
335,8,100,0,5.0
335,9,92,0,4.8
335,10,90,0,4.8
335,11,96,0,4.9
335,12,86,0,4.7
336,1,92,0,4.8
336,2,93,0,4.9
336,3,90,0,4.8
336,4,80,0,4.6
336,5,95,0,4.9
336,6,83,0,4.7
336,7,97,0,4.9
336,8,88,0,4.8
336,9,89,0,4.8
336,10,99,0,5.0
336,11,89,0,4.8
336,12,82,0,4.6
337,1,91,0,4.8
337,2,100,0,5.0
337,3,98,0,5.0
337,4,82,0,4.6
337,5,97,0,4.9
337,6,95,0,4.9
337,7,86,0,4.7
337,8,83,0,4.7
337,9,83,0,4.7
337,10,83,0,4.7
337,11,96,0,4.9
337,12,92,0,4.8
338,1,84,0,4.7
338,2,93,0,4.9
338,3,92,0,4.8
338,4,91,0,4.8
338,5,84,0,4.7
338,6,91,0,4.8
338,7,82,0,4.6
338,8,91,0,4.8
338,9,96,0,4.9
338,10,100,0,5.0
338,11,86,0,4.7
338,12,84,0,4.7
339,1,84,0,4.7
339,2,99,0,5.0
339,3,91,0,4.8
339,4,82,0,4.6
339,5,96,0,4.9
339,6,86,0,4.7
339,7,86,0,4.7
339,8,90,0,4.8
339,9,94,0,4.9
339,10,94,0,4.9
339,11,81,0,4.6
339,12,93,0,4.9
340,1,92,0,4.8
340,2,82,0,4.6
340,3,82,0,4.6
340,4,85,0,4.7
340,5,96,0,4.9
340,6,98,0,5.0
340,7,84,0,4.7
340,8,80,0,4.6
340,9,91,0,4.8
340,10,90,0,4.8
340,11,86,0,4.7
340,12,88,0,4.8
341,1,100,0,5.0
341,2,96,0,4.9
341,3,87,0,4.7
341,4,80,0,4.6
341,5,87,0,4.7
341,6,93,0,4.9
341,7,100,0,5.0
341,8,95,0,4.9
341,9,85,0,4.7
341,10,100,0,5.0
341,11,99,0,5.0
341,12,91,0,4.8
342,1,93,0,4.9
342,2,100,0,5.0
342,3,99,0,5.0
342,4,89,0,4.8
342,5,85,0,4.7
342,6,89,0,4.8
342,7,94,0,4.9
342,8,94,0,4.9
342,9,84,0,4.7
342,10,93,0,4.9
342,11,99,0,5.0
342,12,98,0,5.0
343,1,84,0,4.7
343,2,82,0,4.6
343,3,92,0,4.8
343,4,85,0,4.7
343,5,88,0,4.8
343,6,93,0,4.9
343,7,88,0,4.8
343,8,99,0,5.0
343,9,86,0,4.7
343,10,99,0,5.0
343,11,85,0,4.7
343,12,99,0,5.0
344,1,78,0,4.6
344,2,83,0,4.7
344,3,74,0,4.5
344,4,73,0,4.5
344,5,67,0,4.3
344,6,63,1,3.8
344,7,58,1,3.7
344,8,70,2,3.4
344,9,50,2,3.0
344,10,46,2,2.9
344,11,66,3,2.8
344,12,33,3,2.2
345,1,83,0,4.7
345,2,98,0,5.0
345,3,80,0,4.6
345,4,97,0,4.9
345,5,98,0,5.0
345,6,97,0,4.9
345,7,87,0,4.7
345,8,95,0,4.9
345,9,82,0,4.6
345,10,90,0,4.8
345,11,82,0,4.6
345,12,89,0,4.8
346,1,82,0,4.6
346,2,86,0,4.7
346,3,84,0,4.7
346,4,74,0,4.5
346,5,74,1,4.0
346,6,76,1,4.0
346,7,59,1,3.7
346,8,74,1,4.0
346,9,46,2,2.9
346,10,49,3,2.5
346,11,33,3,2.2
346,12,29,4,2.0
347,1,84,0,4.7
347,2,92,0,4.8
347,3,95,0,4.9
347,4,98,0,5.0
347,5,98,0,5.0
347,6,93,0,4.9
347,7,87,0,4.7
347,8,89,0,4.8
347,9,88,0,4.8
347,10,97,0,4.9
347,11,96,0,4.9
347,12,89,0,4.8
348,1,81,0,4.6
348,2,77,0,4.5
348,3,91,0,4.8
348,4,82,0,4.6
348,5,70,0,4.4
348,6,60,0,4.2
348,7,72,0,4.4
348,8,62,1,3.7
348,9,60,1,3.7
348,10,42,1,3.3
348,11,55,1,3.6
348,12,58,1,3.7
349,1,93,0,4.9
349,2,86,0,4.7
349,3,96,0,4.9
349,4,80,0,4.6
349,5,86,0,4.7
349,6,93,0,4.9
349,7,95,0,4.9
349,8,83,0,4.7
349,9,83,0,4.7
349,10,97,0,4.9
349,11,82,0,4.6
349,12,82,0,4.6
350,1,97,0,4.9
350,2,80,0,4.6
350,3,86,0,4.7
350,4,95,0,4.9
350,5,88,0,4.8
350,6,83,0,4.7
350,7,92,0,4.8
350,8,25,1,3.0
350,9,18,2,2.4
350,10,7,2,2.1
350,11,18,3,2.0
350,12,11,4,2.0
351,1,83,0,4.7
351,2,86,0,4.7
351,3,82,0,4.6
351,4,100,0,5.0
351,5,91,0,4.8
351,6,93,0,4.9
351,7,96,0,4.9
351,8,88,0,4.8
351,9,81,0,4.6
351,10,90,0,4.8
351,11,96,0,4.9
351,12,86,0,4.7
352,1,83,0,4.7
352,2,90,0,4.8
352,3,84,0,4.7
352,4,86,0,4.7
352,5,91,0,4.8
352,6,90,0,4.8
352,7,96,0,4.9
352,8,92,0,4.8
352,9,89,0,4.8
352,10,98,0,5.0
352,11,82,0,4.6
352,12,100,0,5.0
353,1,85,0,4.7
353,2,90,0,4.8
353,3,95,0,4.9
353,4,98,0,5.0
353,5,97,0,4.9
353,6,82,0,4.6
353,7,97,0,4.9
353,8,94,0,4.9
353,9,95,0,4.9
353,10,90,0,4.8
353,11,98,0,5.0
353,12,82,0,4.6
354,1,76,0,4.5
354,2,81,0,4.6
354,3,75,0,4.5
354,4,78,0,4.6
354,5,58,0,4.2
354,6,64,1,3.8
354,7,61,1,3.7
354,8,63,2,3.3
354,9,52,2,3.0
354,10,62,3,2.7
354,11,32,3,2.1
354,12,40,3,2.3
355,1,89,0,4.8
355,2,95,0,4.9
355,3,90,0,4.8
355,4,94,0,4.9
355,5,93,0,4.9
355,6,93,0,4.9
355,7,87,0,4.7
355,8,13,0,3.3
355,9,10,1,2.7
355,10,9,1,2.7
355,11,12,2,2.2
355,12,23,3,2.0
356,1,90,0,4.8
356,2,92,0,4.8
356,3,81,0,4.6
356,4,100,0,5.0
356,5,88,0,4.8
356,6,99,0,5.0
356,7,96,0,4.9
356,8,97,0,4.9
356,9,94,0,4.9
356,10,86,0,4.7
356,11,93,0,4.9
356,12,100,0,5.0
357,1,84,0,4.7
357,2,96,0,4.9
357,3,83,0,4.7
357,4,94,0,4.9
357,5,90,0,4.8
357,6,100,0,5.0
357,7,92,0,4.8
357,8,87,0,4.7
357,9,86,0,4.7
357,10,92,0,4.8
357,11,85,0,4.7
357,12,85,0,4.7
358,1,96,0,4.9
358,2,83,0,4.7
358,3,81,0,4.6
358,4,97,0,4.9
358,5,99,0,5.0
358,6,88,0,4.8
358,7,93,0,4.9
358,8,86,0,4.7
358,9,92,0,4.8
358,10,94,0,4.9
358,11,89,0,4.8
358,12,89,0,4.8
359,1,87,0,4.7
359,2,90,0,4.8
359,3,86,0,4.7
359,4,99,0,5.0
359,5,94,0,4.9
359,6,91,0,4.8
359,7,81,0,4.6
359,8,89,0,4.8
359,9,96,0,4.9
359,10,80,0,4.6
359,11,98,0,5.0
359,12,97,0,4.9
360,1,80,0,4.6
360,2,85,0,4.7
360,3,88,0,4.8
360,4,97,0,4.9
360,5,83,0,4.7
360,6,100,0,5.0
360,7,91,0,4.8
360,8,99,0,5.0
360,9,85,0,4.7
360,10,89,0,4.8
360,11,99,0,5.0
360,12,85,0,4.7
361,1,91,0,4.8
361,2,96,0,4.9
361,3,91,0,4.8
361,4,99,0,5.0
361,5,90,0,4.8
361,6,90,0,4.8
361,7,98,0,5.0
361,8,82,0,4.6
361,9,100,0,5.0
361,10,92,0,4.8
361,11,93,0,4.9
361,12,83,0,4.7
362,1,98,0,5.0
362,2,95,0,4.9
362,3,85,0,4.7
362,4,85,0,4.7
362,5,88,0,4.8
362,6,90,0,4.8
362,7,84,0,4.7
362,8,88,0,4.8
362,9,100,0,5.0
362,10,98,0,5.0
362,11,92,0,4.8
362,12,93,0,4.9
363,1,97,0,4.9
363,2,97,0,4.9
363,3,100,0,5.0
363,4,86,0,4.7
363,5,96,0,4.9
363,6,95,0,4.9
363,7,98,0,5.0
363,8,82,0,4.6
363,9,97,0,4.9
363,10,95,0,4.9
363,11,92,0,4.8
363,12,83,0,4.7
364,1,87,0,4.7
364,2,80,0,4.6
364,3,95,0,4.9
364,4,89,0,4.8
364,5,98,0,5.0
364,6,80,0,4.6
364,7,94,0,4.9
364,8,93,0,4.9
364,9,87,0,4.7
364,10,91,0,4.8
364,11,82,0,4.6
364,12,92,0,4.8
365,1,92,0,4.8
365,2,96,0,4.9
365,3,81,0,4.6
365,4,89,0,4.8
365,5,88,0,4.8
365,6,90,0,4.8
365,7,87,0,4.7
365,8,89,0,4.8
365,9,90,0,4.8
365,10,100,0,5.0
365,11,92,0,4.8
365,12,81,0,4.6
366,1,87,0,4.7
366,2,91,0,4.8
366,3,94,0,4.9
366,4,98,0,5.0
366,5,82,0,4.6
366,6,81,0,4.6
366,7,96,0,4.9
366,8,94,0,4.9
366,9,98,0,5.0
366,10,100,0,5.0
366,11,96,0,4.9
366,12,100,0,5.0
367,1,98,0,5.0
367,2,82,0,4.6
367,3,85,0,4.7
367,4,98,0,5.0
367,5,97,0,4.9
367,6,99,0,5.0
367,7,85,0,4.7
367,8,94,0,4.9
367,9,95,0,4.9
367,10,89,0,4.8
367,11,100,0,5.0
367,12,91,0,4.8
368,1,94,0,4.9
368,2,90,0,4.8
368,3,89,0,4.8
368,4,94,0,4.9
368,5,90,0,4.8
368,6,91,0,4.8
368,7,84,0,4.7
368,8,88,0,4.8
368,9,91,0,4.8
368,10,82,0,4.6
368,11,96,0,4.9
368,12,85,0,4.7
369,1,92,0,4.8
369,2,85,0,4.7
369,3,95,0,4.9
369,4,100,0,5.0
369,5,83,0,4.7
369,6,90,0,4.8
369,7,81,0,4.6
369,8,94,0,4.9
369,9,89,0,4.8
369,10,100,0,5.0
369,11,81,0,4.6
369,12,98,0,5.0
370,1,88,0,4.8
370,2,93,0,4.9
370,3,81,0,4.6
370,4,91,0,4.8
370,5,97,0,4.9
370,6,80,0,4.6
370,7,89,0,4.8
370,8,91,0,4.8
370,9,100,0,5.0
370,10,100,0,5.0
370,11,95,0,4.9
370,12,93,0,4.9
371,1,86,0,4.7
371,2,82,0,4.6
371,3,95,0,4.9
371,4,97,0,4.9
371,5,80,0,4.6
371,6,95,0,4.9
371,7,95,0,4.9
371,8,97,0,4.9
371,9,81,0,4.6
371,10,82,0,4.6
371,11,80,0,4.6
371,12,96,0,4.9
372,1,85,0,4.7
372,2,72,0,4.4
372,3,74,0,4.5
372,4,84,0,4.7
372,5,62,1,3.7
372,6,79,1,4.1
372,7,71,1,3.9
372,8,67,2,3.3
372,9,49,3,2.5
372,10,43,3,2.4
372,11,66,3,2.8
372,12,61,4,2.2
373,1,93,0,4.9
373,2,87,0,4.7
373,3,85,0,4.7
373,4,96,0,4.9
373,5,83,0,4.7
373,6,88,0,4.8
373,7,97,0,4.9
373,8,82,0,4.6
373,9,87,0,4.7
373,10,83,0,4.7
373,11,97,0,4.9
373,12,80,0,4.6
374,1,97,0,4.9
374,2,81,0,4.6
374,3,89,0,4.8
374,4,85,0,4.7
374,5,100,0,5.0
374,6,91,0,4.8
374,7,83,0,4.7
374,8,92,0,4.8
374,9,99,0,5.0
374,10,91,0,4.8
374,11,84,0,4.7
374,12,99,0,5.0
375,1,96,0,4.9
375,2,97,0,4.9
375,3,90,0,4.8
375,4,99,0,5.0
375,5,80,0,4.6
375,6,85,0,4.7
375,7,91,0,4.8
375,8,14,1,2.8
375,9,2,1,2.5
375,10,30,2,2.6
375,11,15,2,2.3
375,12,26,2,2.5
376,1,87,0,4.7
376,2,91,0,4.8
376,3,87,0,4.7
376,4,90,0,4.8
376,5,86,0,4.7
376,6,83,0,4.7
376,7,96,0,4.9
376,8,96,0,4.9
376,9,92,0,4.8
376,10,96,0,4.9
376,11,80,0,4.6
376,12,91,0,4.8
377,1,99,0,5.0
377,2,81,0,4.6
377,3,91,0,4.8
377,4,86,0,4.7
377,5,86,0,4.7
377,6,84,0,4.7
377,7,100,0,5.0
377,8,99,0,5.0
377,9,80,0,4.6
377,10,87,0,4.7
377,11,83,0,4.7
377,12,88,0,4.8
378,1,80,0,4.6
378,2,87,0,4.7
378,3,83,0,4.7
378,4,88,0,4.8
378,5,81,0,4.6
378,6,84,0,4.7
378,7,93,0,4.9
378,8,84,0,4.7
378,9,80,0,4.6
378,10,82,0,4.6
378,11,93,0,4.9
378,12,83,0,4.7
379,1,91,0,4.8
379,2,100,0,5.0
379,3,82,0,4.6
379,4,85,0,4.7
379,5,96,0,4.9
379,6,88,0,4.8
379,7,99,0,5.0
379,8,89,0,4.8
379,9,84,0,4.7
379,10,99,0,5.0
379,11,80,0,4.6
379,12,96,0,4.9
380,1,92,0,4.8
380,2,88,0,4.8
380,3,95,0,4.9
380,4,94,0,4.9
380,5,99,0,5.0
380,6,83,0,4.7
380,7,96,0,4.9
380,8,89,0,4.8
380,9,98,0,5.0
380,10,96,0,4.9
380,11,89,0,4.8
380,12,97,0,4.9
381,1,89,0,4.8
381,2,85,0,4.7
381,3,86,0,4.7
381,4,74,0,4.5
381,5,72,0,4.4
381,6,54,1,3.6
381,7,47,2,2.9
381,8,75,3,3.0
381,9,35,4,2.0
381,10,65,4,2.3
381,11,29,5,2.0
381,12,54,5,2.0
382,1,82,0,4.6
382,2,95,0,4.9
382,3,80,0,4.6
382,4,89,0,4.8
382,5,81,0,4.6
382,6,100,0,5.0
382,7,80,0,4.6
382,8,100,0,5.0
382,9,89,0,4.8
382,10,82,0,4.6
382,11,91,0,4.8
382,12,100,0,5.0
383,1,96,0,4.9
383,2,89,0,4.8
383,3,99,0,5.0
383,4,97,0,4.9
383,5,89,0,4.8
383,6,96,0,4.9
383,7,85,0,4.7
383,8,92,0,4.8
383,9,96,0,4.9
383,10,96,0,4.9
383,11,96,0,4.9
383,12,99,0,5.0
384,1,88,0,4.8
384,2,82,0,4.6
384,3,93,0,4.9
384,4,88,0,4.8
384,5,96,0,4.9
384,6,95,0,4.9
384,7,85,0,4.7
384,8,88,0,4.8
384,9,92,0,4.8
384,10,100,0,5.0
384,11,80,0,4.6
384,12,88,0,4.8
385,1,90,0,4.8
385,2,85,0,4.7
385,3,88,0,4.8
385,4,97,0,4.9
385,5,84,0,4.7
385,6,97,0,4.9
385,7,95,0,4.9
385,8,84,0,4.7
385,9,97,0,4.9
385,10,93,0,4.9
385,11,95,0,4.9
385,12,96,0,4.9
386,1,84,0,4.7
386,2,87,0,4.7
386,3,97,0,4.9
386,4,94,0,4.9
386,5,98,0,5.0
386,6,99,0,5.0
386,7,93,0,4.9
386,8,97,0,4.9
386,9,96,0,4.9
386,10,87,0,4.7
386,11,87,0,4.7
386,12,89,0,4.8
387,1,91,0,4.8
387,2,74,0,4.5
387,3,74,0,4.5
387,4,71,0,4.4
387,5,85,0,4.7
387,6,74,0,4.5
387,7,60,0,4.2
387,8,59,1,3.7
387,9,66,2,3.3
387,10,40,2,2.8
387,11,41,3,2.3
387,12,33,3,2.2
388,1,97,0,4.9
388,2,89,0,4.8
388,3,94,0,4.9
388,4,96,0,4.9
388,5,86,0,4.7
388,6,100,0,5.0
388,7,93,0,4.9
388,8,96,0,4.9
388,9,92,0,4.8
388,10,95,0,4.9
388,11,88,0,4.8
388,12,98,0,5.0
389,1,87,0,4.7
389,2,86,0,4.7
389,3,83,0,4.7
389,4,94,0,4.9
389,5,82,0,4.6
389,6,84,0,4.7
389,7,80,0,4.6
389,8,84,0,4.7
389,9,92,0,4.8
389,10,99,0,5.0
389,11,85,0,4.7
389,12,99,0,5.0
390,1,81,0,4.6
390,2,92,0,4.8
390,3,73,0,4.5
390,4,75,0,4.5
390,5,66,1,3.8
390,6,70,1,3.9
390,7,65,2,3.3
390,8,56,2,3.1
390,9,59,2,3.2
390,10,69,2,3.4
390,11,47,3,2.4
390,12,28,4,2.0
391,1,85,0,4.7
391,2,82,0,4.6
391,3,94,0,4.9
391,4,90,0,4.8
391,5,82,0,4.6
391,6,94,0,4.9
391,7,82,0,4.6
391,8,84,0,4.7
391,9,90,0,4.8
391,10,84,0,4.7
391,11,85,0,4.7
391,12,89,0,4.8
392,1,90,0,4.8
392,2,83,0,4.7
392,3,82,0,4.6
392,4,94,0,4.9
392,5,98,0,5.0
392,6,94,0,4.9
392,7,90,0,4.8
392,8,89,0,4.8
392,9,92,0,4.8
392,10,88,0,4.8
392,11,99,0,5.0
392,12,86,0,4.7
393,1,89,0,4.8
393,2,98,0,5.0
393,3,89,0,4.8
393,4,100,0,5.0
393,5,89,0,4.8
393,6,98,0,5.0
393,7,86,0,4.7
393,8,86,0,4.7
393,9,85,0,4.7
393,10,83,0,4.7
393,11,83,0,4.7
393,12,90,0,4.8
394,1,89,0,4.8
394,2,100,0,5.0
394,3,90,0,4.8
394,4,84,0,4.7
394,5,87,0,4.7
394,6,97,0,4.9
394,7,88,0,4.8
394,8,94,0,4.9
394,9,87,0,4.7
394,10,97,0,4.9
394,11,91,0,4.8
394,12,87,0,4.7
395,1,82,0,4.6
395,2,100,0,5.0
395,3,81,0,4.6
395,4,83,0,4.7
395,5,96,0,4.9
395,6,80,0,4.6
395,7,90,0,4.8
395,8,84,0,4.7
395,9,100,0,5.0
395,10,92,0,4.8
395,11,85,0,4.7
395,12,86,0,4.7
396,1,82,0,4.6
396,2,100,0,5.0
396,3,97,0,4.9
396,4,95,0,4.9
396,5,87,0,4.7
396,6,88,0,4.8
396,7,85,0,4.7
396,8,80,0,4.6
396,9,81,0,4.6
396,10,96,0,4.9
396,11,89,0,4.8
396,12,88,0,4.8
397,1,92,0,4.8
397,2,96,0,4.9
397,3,97,0,4.9
397,4,85,0,4.7
397,5,81,0,4.6
397,6,96,0,4.9
397,7,100,0,5.0
397,8,98,0,5.0
397,9,89,0,4.8
397,10,100,0,5.0
397,11,83,0,4.7
397,12,89,0,4.8
398,1,82,0,4.6
398,2,87,0,4.7
398,3,100,0,5.0
398,4,81,0,4.6
398,5,87,0,4.7
398,6,83,0,4.7
398,7,90,0,4.8
398,8,96,0,4.9
398,9,80,0,4.6
398,10,90,0,4.8
398,11,82,0,4.6
398,12,80,0,4.6
399,1,80,0,4.6
399,2,85,0,4.7
399,3,82,0,4.6
399,4,91,0,4.8
399,5,94,0,4.9
399,6,81,0,4.6
399,7,97,0,4.9
399,8,81,0,4.6
399,9,96,0,4.9
399,10,99,0,5.0
399,11,90,0,4.8
399,12,94,0,4.9
400,1,95,0,4.9
400,2,81,0,4.6
400,3,91,0,4.8
400,4,85,0,4.7
400,5,95,0,4.9
400,6,80,0,4.6
400,7,82,0,4.6
400,8,90,0,4.8
400,9,83,0,4.7
400,10,90,0,4.8
400,11,82,0,4.6
400,12,83,0,4.7
401,1,81,0,4.6
401,2,99,0,5.0
401,3,84,0,4.7
401,4,84,0,4.7
401,5,84,0,4.7
401,6,82,0,4.6
401,7,100,0,5.0
401,8,98,0,5.0
401,9,80,0,4.6
401,10,83,0,4.7
401,11,98,0,5.0
401,12,88,0,4.8
402,1,94,0,4.9
402,2,96,0,4.9
402,3,90,0,4.8
402,4,91,0,4.8
402,5,84,0,4.7
402,6,92,0,4.8
402,7,87,0,4.7
402,8,92,0,4.8
402,9,93,0,4.9
402,10,90,0,4.8
402,11,80,0,4.6
402,12,100,0,5.0
403,1,88,0,4.8
403,2,98,0,5.0
403,3,98,0,5.0
403,4,93,0,4.9
403,5,80,0,4.6
403,6,86,0,4.7
403,7,92,0,4.8
403,8,84,0,4.7
403,9,100,0,5.0
403,10,89,0,4.8
403,11,86,0,4.7
403,12,86,0,4.7
404,1,96,0,4.9
404,2,81,0,4.6
404,3,81,0,4.6
404,4,65,0,4.3
404,5,70,1,3.9
404,6,73,1,4.0
404,7,65,1,3.8
404,8,73,1,4.0
404,9,35,1,3.2
404,10,69,1,3.9
404,11,38,1,3.3
404,12,33,1,3.2
405,1,82,0,4.6
405,2,96,0,4.9
405,3,92,0,4.8
405,4,93,0,4.9
405,5,93,0,4.9
405,6,89,0,4.8
405,7,99,0,5.0
405,8,84,0,4.7
405,9,82,0,4.6
405,10,93,0,4.9
405,11,80,0,4.6
405,12,82,0,4.6
406,1,86,0,4.7
406,2,73,0,4.5
406,3,76,0,4.5
406,4,77,0,4.5
406,5,69,1,3.9
406,6,55,1,3.6
406,7,47,1,3.4
406,8,56,1,3.6
406,9,46,1,3.4
406,10,35,1,3.2
406,11,52,1,3.5
406,12,34,2,2.7
407,1,96,0,4.9
407,2,98,0,5.0
407,3,98,0,5.0
407,4,99,0,5.0
407,5,91,0,4.8
407,6,84,0,4.7
407,7,93,0,4.9
407,8,94,0,4.9
407,9,100,0,5.0
407,10,85,0,4.7
407,11,90,0,4.8
407,12,97,0,4.9
408,1,89,0,4.8
408,2,89,0,4.8
408,3,96,0,4.9
408,4,93,0,4.9
408,5,83,0,4.7
408,6,86,0,4.7
408,7,91,0,4.8
408,8,98,0,5.0
408,9,99,0,5.0
408,10,85,0,4.7
408,11,88,0,4.8
408,12,80,0,4.6
409,1,88,0,4.8
409,2,100,0,5.0
409,3,100,0,5.0
409,4,98,0,5.0
409,5,86,0,4.7
409,6,84,0,4.7
409,7,84,0,4.7
409,8,93,0,4.9
409,9,93,0,4.9
409,10,80,0,4.6
409,11,81,0,4.6
409,12,91,0,4.8
410,1,89,0,4.8
410,2,92,0,4.8
410,3,81,0,4.6
410,4,84,0,4.7
410,5,99,0,5.0
410,6,94,0,4.9
410,7,93,0,4.9
410,8,95,0,4.9
410,9,80,0,4.6
410,10,83,0,4.7
410,11,89,0,4.8
410,12,93,0,4.9
411,1,75,0,4.5
411,2,77,0,4.5
411,3,72,0,4.4
411,4,76,0,4.5
411,5,80,1,4.1
411,6,73,1,4.0
411,7,76,2,3.5
411,8,47,3,2.4
411,9,45,3,2.4
411,10,41,3,2.3
411,11,56,4,2.1
411,12,45,4,2.0
412,1,92,0,4.8
412,2,96,0,4.9
412,3,86,0,4.7
412,4,98,0,5.0
412,5,95,0,4.9
412,6,96,0,4.9
412,7,80,0,4.6
412,8,95,0,4.9
412,9,89,0,4.8
412,10,82,0,4.6
412,11,93,0,4.9
412,12,87,0,4.7
413,1,90,0,4.8
413,2,84,0,4.7
413,3,87,0,4.7
413,4,81,0,4.6
413,5,98,0,5.0
413,6,95,0,4.9
413,7,84,0,4.7
413,8,92,0,4.8
413,9,80,0,4.6
413,10,83,0,4.7
413,11,85,0,4.7
413,12,98,0,5.0
414,1,93,0,4.9
414,2,98,0,5.0
414,3,98,0,5.0
414,4,96,0,4.9
414,5,94,0,4.9
414,6,93,0,4.9
414,7,89,0,4.8
414,8,84,0,4.7
414,9,85,0,4.7
414,10,90,0,4.8
414,11,91,0,4.8
414,12,90,0,4.8
415,1,85,0,4.7
415,2,100,0,5.0
415,3,99,0,5.0
415,4,92,0,4.8
415,5,88,0,4.8
415,6,90,0,4.8
415,7,87,0,4.7
415,8,21,1,2.9
415,9,11,1,2.7
415,10,9,2,2.2
415,11,23,2,2.5
415,12,4,3,2.0
416,1,82,0,4.6
416,2,95,0,4.9
416,3,85,0,4.7
416,4,89,0,4.8
416,5,84,0,4.7
416,6,86,0,4.7
416,7,87,0,4.7
416,8,90,0,4.8
416,9,82,0,4.6
416,10,89,0,4.8
416,11,89,0,4.8
416,12,98,0,5.0
417,1,85,0,4.7
417,2,89,0,4.8
417,3,91,0,4.8
417,4,83,0,4.7
417,5,99,0,5.0
417,6,80,0,4.6
417,7,95,0,4.9
417,8,82,0,4.6
417,9,96,0,4.9
417,10,86,0,4.7
417,11,81,0,4.6
417,12,92,0,4.8
418,1,88,0,4.8
418,2,85,0,4.7
418,3,90,0,4.8
418,4,87,0,4.7
418,5,90,0,4.8
418,6,91,0,4.8
418,7,86,0,4.7
418,8,95,0,4.9
418,9,97,0,4.9
418,10,93,0,4.9
418,11,81,0,4.6
418,12,85,0,4.7
419,1,98,0,5.0
419,2,94,0,4.9
419,3,85,0,4.7
419,4,84,0,4.7
419,5,86,0,4.7
419,6,86,0,4.7
419,7,85,0,4.7
419,8,86,0,4.7
419,9,92,0,4.8
419,10,87,0,4.7
419,11,95,0,4.9
419,12,99,0,5.0
420,1,82,0,4.6
420,2,87,0,4.7
420,3,97,0,4.9
420,4,92,0,4.8
420,5,97,0,4.9
420,6,93,0,4.9
420,7,91,0,4.8
420,8,99,0,5.0
420,9,96,0,4.9
420,10,98,0,5.0
420,11,88,0,4.8
420,12,82,0,4.6
421,1,100,0,5.0
421,2,91,0,4.8
421,3,85,0,4.7
421,4,100,0,5.0
421,5,90,0,4.8
421,6,89,0,4.8
421,7,80,0,4.6
421,8,81,0,4.6
421,9,98,0,5.0
421,10,80,0,4.6
421,11,93,0,4.9
421,12,83,0,4.7
422,1,88,0,4.8
422,2,80,0,4.6
422,3,99,0,5.0
422,4,88,0,4.8
422,5,83,0,4.7
422,6,93,0,4.9
422,7,93,0,4.9
422,8,84,0,4.7
422,9,95,0,4.9
422,10,97,0,4.9
422,11,94,0,4.9
422,12,97,0,4.9
423,1,89,0,4.8
423,2,96,0,4.9
423,3,91,0,4.8
423,4,90,0,4.8
423,5,86,0,4.7
423,6,85,0,4.7
423,7,98,0,5.0
423,8,84,0,4.7
423,9,80,0,4.6
423,10,82,0,4.6
423,11,95,0,4.9
423,12,89,0,4.8
424,1,81,0,4.6
424,2,99,0,5.0
424,3,84,0,4.7
424,4,82,0,4.6
424,5,98,0,5.0
424,6,99,0,5.0
424,7,84,0,4.7
424,8,84,0,4.7
424,9,86,0,4.7
424,10,93,0,4.9
424,11,88,0,4.8
424,12,81,0,4.6
425,1,100,0,5.0
425,2,81,0,4.6
425,3,85,0,4.7
425,4,91,0,4.8
425,5,92,0,4.8
425,6,98,0,5.0
425,7,96,0,4.9
425,8,82,0,4.6
425,9,83,0,4.7
425,10,81,0,4.6
425,11,83,0,4.7
425,12,80,0,4.6
426,1,88,0,4.8
426,2,87,0,4.7
426,3,70,0,4.4
426,4,75,1,4.0
426,5,56,1,3.6
426,6,74,2,3.5
426,7,53,2,3.1
426,8,58,2,3.2
426,9,67,2,3.3
426,10,44,3,2.4
426,11,53,3,2.6
426,12,64,4,2.3
427,1,85,0,4.7
427,2,90,0,4.8
427,3,91,0,4.8
427,4,97,0,4.9
427,5,83,0,4.7
427,6,82,0,4.6
427,7,88,0,4.8
427,8,98,0,5.0
427,9,99,0,5.0
427,10,80,0,4.6
427,11,99,0,5.0
427,12,85,0,4.7
428,1,95,0,4.9
428,2,100,0,5.0
428,3,95,0,4.9
428,4,83,0,4.7
428,5,84,0,4.7
428,6,91,0,4.8
428,7,100,0,5.0
428,8,84,0,4.7
428,9,84,0,4.7
428,10,95,0,4.9
428,11,84,0,4.7
428,12,88,0,4.8
429,1,92,0,4.8
429,2,89,0,4.8
429,3,94,0,4.9
429,4,92,0,4.8
429,5,96,0,4.9
429,6,80,0,4.6
429,7,88,0,4.8
429,8,85,0,4.7
429,9,85,0,4.7
429,10,83,0,4.7
429,11,91,0,4.8
429,12,84,0,4.7
430,1,97,0,4.9
430,2,86,0,4.7
430,3,85,0,4.7
430,4,83,0,4.7
430,5,96,0,4.9
430,6,96,0,4.9
430,7,84,0,4.7
430,8,98,0,5.0
430,9,85,0,4.7
430,10,87,0,4.7
430,11,99,0,5.0
430,12,92,0,4.8
431,1,88,0,4.8
431,2,85,0,4.7
431,3,95,0,4.9
431,4,83,0,4.7
431,5,96,0,4.9
431,6,87,0,4.7
431,7,91,0,4.8
431,8,99,0,5.0
431,9,93,0,4.9
431,10,88,0,4.8
431,11,84,0,4.7
431,12,91,0,4.8
432,1,96,0,4.9
432,2,87,0,4.7
432,3,91,0,4.8
432,4,95,0,4.9
432,5,80,0,4.6
432,6,93,0,4.9
432,7,96,0,4.9
432,8,95,0,4.9
432,9,84,0,4.7
432,10,92,0,4.8
432,11,84,0,4.7
432,12,89,0,4.8
433,1,97,0,4.9
433,2,74,0,4.5
433,3,68,0,4.4
433,4,74,0,4.5
433,5,65,0,4.3
433,6,76,1,4.0
433,7,65,1,3.8
433,8,41,1,3.3
433,9,69,1,3.9
433,10,45,1,3.4
433,11,35,1,3.2
433,12,39,1,3.3
434,1,100,0,5.0
434,2,93,0,4.9
434,3,85,0,4.7
434,4,93,0,4.9
434,5,91,0,4.8
434,6,92,0,4.8
434,7,92,0,4.8
434,8,92,0,4.8
434,9,83,0,4.7
434,10,83,0,4.7
434,11,100,0,5.0
434,12,98,0,5.0
435,1,94,0,4.9
435,2,91,0,4.8
435,3,86,0,4.7
435,4,83,0,4.7
435,5,81,0,4.6
435,6,89,0,4.8
435,7,87,0,4.7
435,8,95,0,4.9
435,9,83,0,4.7
435,10,85,0,4.7
435,11,98,0,5.0
435,12,90,0,4.8
436,1,80,0,4.6
436,2,84,0,4.7
436,3,84,0,4.7
436,4,92,0,4.8
436,5,96,0,4.9
436,6,83,0,4.7
436,7,99,0,5.0
436,8,80,0,4.6
436,9,84,0,4.7
436,10,89,0,4.8
436,11,97,0,4.9
436,12,100,0,5.0
437,1,95,0,4.9
437,2,98,0,5.0
437,3,100,0,5.0
437,4,93,0,4.9
437,5,83,0,4.7
437,6,83,0,4.7
437,7,81,0,4.6
437,8,99,0,5.0
437,9,96,0,4.9
437,10,82,0,4.6
437,11,98,0,5.0
437,12,88,0,4.8
438,1,91,0,4.8
438,2,81,0,4.6
438,3,97,0,4.9
438,4,86,0,4.7
438,5,83,0,4.7
438,6,89,0,4.8
438,7,80,0,4.6
438,8,88,0,4.8
438,9,92,0,4.8
438,10,99,0,5.0
438,11,90,0,4.8
438,12,90,0,4.8
439,1,99,0,5.0
439,2,98,0,5.0
439,3,84,0,4.7
439,4,96,0,4.9
439,5,87,0,4.7
439,6,94,0,4.9
439,7,83,0,4.7
439,8,89,0,4.8
439,9,92,0,4.8
439,10,85,0,4.7
439,11,83,0,4.7
439,12,92,0,4.8
440,1,97,0,4.9
440,2,86,0,4.7
440,3,89,0,4.8
440,4,86,0,4.7
440,5,86,0,4.7
440,6,82,0,4.6
440,7,88,0,4.8
440,8,82,0,4.6
440,9,98,0,5.0
440,10,82,0,4.6
440,11,93,0,4.9
440,12,92,0,4.8
441,1,89,0,4.8
441,2,80,0,4.6
441,3,96,0,4.9
441,4,95,0,4.9
441,5,97,0,4.9
441,6,85,0,4.7
441,7,80,0,4.6
441,8,94,0,4.9
441,9,83,0,4.7
441,10,92,0,4.8
441,11,82,0,4.6
441,12,96,0,4.9
442,1,83,0,4.7
442,2,95,0,4.9
442,3,87,0,4.7
442,4,82,0,4.6
442,5,86,0,4.7
442,6,86,0,4.7
442,7,89,0,4.8
442,8,89,0,4.8
442,9,84,0,4.7
442,10,99,0,5.0
442,11,85,0,4.7
442,12,95,0,4.9
443,1,96,0,4.9
443,2,89,0,4.8
443,3,97,0,4.9
443,4,83,0,4.7
443,5,95,0,4.9
443,6,98,0,5.0
443,7,84,0,4.7
443,8,95,0,4.9
443,9,94,0,4.9
443,10,99,0,5.0
443,11,89,0,4.8
443,12,99,0,5.0
444,1,87,0,4.7
444,2,74,0,4.5
444,3,71,0,4.4
444,4,74,0,4.5
444,5,64,0,4.3
444,6,74,0,4.5
444,7,57,0,4.1
444,8,44,0,3.9
444,9,45,0,3.9
444,10,35,1,3.2
444,11,37,2,2.7
444,12,62,2,3.2
445,1,79,0,4.6
445,2,73,0,4.5
445,3,80,0,4.6
445,4,66,0,4.3
445,5,69,0,4.4
445,6,56,0,4.1
445,7,72,0,4.4
445,8,66,0,4.3
445,9,72,0,4.4
445,10,53,0,4.1
445,11,26,0,3.5
445,12,36,0,3.7
446,1,84,0,4.7
446,2,94,0,4.9
446,3,87,0,4.7
446,4,85,0,4.7
446,5,87,0,4.7
446,6,92,0,4.8
446,7,96,0,4.9
446,8,97,0,4.9
446,9,85,0,4.7
446,10,86,0,4.7
446,11,81,0,4.6
446,12,98,0,5.0
447,1,95,0,4.9
447,2,96,0,4.9
447,3,81,0,4.6
447,4,85,0,4.7
447,5,95,0,4.9
447,6,100,0,5.0
447,7,91,0,4.8
447,8,94,0,4.9
447,9,83,0,4.7
447,10,94,0,4.9
447,11,83,0,4.7
447,12,97,0,4.9
448,1,79,0,4.6
448,2,94,0,4.9
448,3,82,0,4.6
448,4,65,0,4.3
448,5,79,1,4.1
448,6,72,2,3.4
448,7,59,2,3.2
448,8,49,2,3.0
448,9,51,2,3.0
448,10,45,2,2.9
448,11,62,3,2.7
448,12,31,3,2.1
449,1,86,0,4.7
449,2,85,0,4.7
449,3,91,0,4.8
449,4,89,0,4.8
449,5,97,0,4.9
449,6,85,0,4.7
449,7,82,0,4.6
449,8,82,0,4.6
449,9,99,0,5.0
449,10,89,0,4.8
449,11,97,0,4.9
449,12,84,0,4.7
450,1,87,0,4.7
450,2,96,0,4.9
450,3,93,0,4.9
450,4,95,0,4.9
450,5,82,0,4.6
450,6,85,0,4.7
450,7,84,0,4.7
450,8,86,0,4.7
450,9,86,0,4.7
450,10,99,0,5.0
450,11,100,0,5.0
450,12,81,0,4.6
451,1,81,0,4.6
451,2,88,0,4.8
451,3,94,0,4.9
451,4,82,0,4.6
451,5,84,0,4.7
451,6,87,0,4.7
451,7,96,0,4.9
451,8,84,0,4.7
451,9,98,0,5.0
451,10,97,0,4.9
451,11,81,0,4.6
451,12,85,0,4.7
452,1,81,0,4.6
452,2,98,0,5.0
452,3,97,0,4.9
452,4,95,0,4.9
452,5,95,0,4.9
452,6,99,0,5.0
452,7,94,0,4.9
452,8,83,0,4.7
452,9,97,0,4.9
452,10,81,0,4.6
452,11,80,0,4.6
452,12,83,0,4.7
453,1,84,0,4.7
453,2,93,0,4.9
453,3,86,0,4.7
453,4,100,0,5.0
453,5,99,0,5.0
453,6,100,0,5.0
453,7,94,0,4.9
453,8,89,0,4.8
453,9,84,0,4.7
453,10,82,0,4.6
453,11,97,0,4.9
453,12,91,0,4.8
454,1,87,0,4.7
454,2,91,0,4.8
454,3,95,0,4.9
454,4,100,0,5.0
454,5,83,0,4.7
454,6,86,0,4.7
454,7,93,0,4.9
454,8,87,0,4.7
454,9,86,0,4.7
454,10,91,0,4.8
454,11,92,0,4.8
454,12,83,0,4.7
455,1,99,0,5.0
455,2,86,0,4.7
455,3,94,0,4.9
455,4,90,0,4.8
455,5,83,0,4.7
455,6,90,0,4.8
455,7,82,0,4.6
455,8,88,0,4.8
455,9,89,0,4.8
455,10,100,0,5.0
455,11,92,0,4.8
455,12,82,0,4.6
456,1,90,0,4.8
456,2,99,0,5.0
456,3,87,0,4.7
456,4,84,0,4.7
456,5,97,0,4.9
456,6,88,0,4.8
456,7,96,0,4.9
456,8,90,0,4.8
456,9,98,0,5.0
456,10,97,0,4.9
456,11,97,0,4.9
456,12,85,0,4.7
457,1,97,0,4.9
457,2,93,0,4.9
457,3,98,0,5.0
457,4,96,0,4.9
457,5,89,0,4.8
457,6,95,0,4.9
457,7,81,0,4.6
457,8,94,0,4.9
457,9,98,0,5.0
457,10,89,0,4.8
457,11,87,0,4.7
457,12,88,0,4.8
458,1,77,0,4.5
458,2,80,0,4.6
458,3,88,0,4.8
458,4,77,1,4.0
458,5,59,1,3.7
458,6,52,1,3.5
458,7,61,2,3.2
458,8,58,2,3.2
458,9,46,2,2.9
458,10,54,3,2.6
458,11,55,3,2.6
458,12,26,3,2.0
459,1,90,0,4.8
459,2,99,0,5.0
459,3,83,0,4.7
459,4,88,0,4.8
459,5,95,0,4.9
459,6,83,0,4.7
459,7,87,0,4.7
459,8,98,0,5.0
459,9,87,0,4.7
459,10,93,0,4.9
459,11,95,0,4.9
459,12,97,0,4.9
460,1,91,0,4.8
460,2,92,0,4.8
460,3,86,0,4.7
460,4,82,0,4.6
460,5,68,0,4.4
460,6,57,0,4.1
460,7,54,0,4.1
460,8,65,1,3.8
460,9,50,1,3.5
460,10,58,2,3.2
460,11,50,2,3.0
460,12,51,2,3.0
461,1,98,0,5.0
461,2,80,0,4.6
461,3,81,0,4.6
461,4,95,0,4.9
461,5,81,0,4.6
461,6,96,0,4.9
461,7,94,0,4.9
461,8,96,0,4.9
461,9,98,0,5.0
461,10,95,0,4.9
461,11,98,0,5.0
461,12,100,0,5.0
462,1,99,0,5.0
462,2,85,0,4.7
462,3,97,0,4.9
462,4,85,0,4.7
462,5,89,0,4.8
462,6,91,0,4.8
462,7,93,0,4.9
462,8,91,0,4.8
462,9,85,0,4.7
462,10,84,0,4.7
462,11,95,0,4.9
462,12,99,0,5.0
463,1,94,0,4.9
463,2,81,0,4.6
463,3,85,0,4.7
463,4,96,0,4.9
463,5,88,0,4.8
463,6,90,0,4.8
463,7,96,0,4.9
463,8,21,1,2.9
463,9,17,1,2.8
463,10,9,2,2.2
463,11,15,2,2.3
463,12,25,2,2.5
464,1,88,0,4.8
464,2,92,0,4.8
464,3,89,0,4.8
464,4,92,0,4.8
464,5,85,0,4.7
464,6,80,0,4.6
464,7,82,0,4.6
464,8,81,0,4.6
464,9,84,0,4.7
464,10,85,0,4.7
464,11,86,0,4.7
464,12,90,0,4.8
465,1,85,0,4.7
465,2,82,0,4.6
465,3,86,0,4.7
465,4,95,0,4.9
465,5,86,0,4.7
465,6,97,0,4.9
465,7,97,0,4.9
465,8,95,0,4.9
465,9,96,0,4.9
465,10,88,0,4.8
465,11,100,0,5.0
465,12,80,0,4.6
466,1,96,0,4.9
466,2,96,0,4.9
466,3,93,0,4.9
466,4,87,0,4.7
466,5,84,0,4.7
466,6,97,0,4.9
466,7,95,0,4.9
466,8,87,0,4.7
466,9,95,0,4.9
466,10,91,0,4.8
466,11,89,0,4.8
466,12,85,0,4.7
467,1,95,0,4.9
467,2,87,0,4.7
467,3,87,0,4.7
467,4,91,0,4.8
467,5,89,0,4.8
467,6,89,0,4.8
467,7,98,0,5.0
467,8,81,0,4.6
467,9,97,0,4.9
467,10,100,0,5.0
467,11,93,0,4.9
467,12,83,0,4.7
468,1,83,0,4.7
468,2,87,0,4.7
468,3,88,0,4.8
468,4,81,0,4.6
468,5,99,0,5.0
468,6,98,0,5.0
468,7,99,0,5.0
468,8,92,0,4.8
468,9,85,0,4.7
468,10,81,0,4.6
468,11,99,0,5.0
468,12,89,0,4.8
469,1,82,0,4.6
469,2,81,0,4.6
469,3,88,0,4.8
469,4,93,0,4.9
469,5,98,0,5.0
469,6,98,0,5.0
469,7,93,0,4.9
469,8,89,0,4.8
469,9,84,0,4.7
469,10,87,0,4.7
469,11,91,0,4.8
469,12,96,0,4.9
470,1,80,0,4.6
470,2,80,0,4.6
470,3,81,0,4.6
470,4,80,0,4.6
470,5,98,0,5.0
470,6,82,0,4.6
470,7,82,0,4.6
470,8,93,0,4.9
470,9,88,0,4.8
470,10,86,0,4.7
470,11,85,0,4.7
470,12,93,0,4.9
471,1,82,0,4.6
471,2,84,0,4.7
471,3,82,0,4.6
471,4,90,0,4.8
471,5,82,0,4.6
471,6,92,0,4.8
471,7,93,0,4.9
471,8,84,0,4.7
471,9,88,0,4.8
471,10,84,0,4.7
471,11,98,0,5.0
471,12,89,0,4.8
472,1,87,0,4.7
472,2,88,0,4.8
472,3,94,0,4.9
472,4,94,0,4.9
472,5,92,0,4.8
472,6,94,0,4.9
472,7,84,0,4.7
472,8,89,0,4.8
472,9,94,0,4.9
472,10,99,0,5.0
472,11,96,0,4.9
472,12,86,0,4.7
473,1,81,0,4.6
473,2,97,0,4.9
473,3,90,0,4.8
473,4,96,0,4.9
473,5,88,0,4.8
473,6,93,0,4.9
473,7,88,0,4.8
473,8,92,0,4.8
473,9,84,0,4.7
473,10,85,0,4.7
473,11,95,0,4.9
473,12,90,0,4.8
474,1,91,0,4.8
474,2,91,0,4.8
474,3,93,0,4.9
474,4,82,0,4.6
474,5,96,0,4.9
474,6,100,0,5.0
474,7,98,0,5.0
474,8,86,0,4.7
474,9,98,0,5.0
474,10,94,0,4.9
474,11,93,0,4.9
474,12,95,0,4.9
475,1,94,0,4.9
475,2,99,0,5.0
475,3,81,0,4.6
475,4,99,0,5.0
475,5,100,0,5.0
475,6,96,0,4.9
475,7,89,0,4.8
475,8,91,0,4.8
475,9,92,0,4.8
475,10,90,0,4.8
475,11,99,0,5.0
475,12,92,0,4.8
476,1,80,0,4.6
476,2,95,0,4.9
476,3,83,0,4.7
476,4,82,0,4.6
476,5,84,0,4.7
476,6,99,0,5.0
476,7,95,0,4.9
476,8,92,0,4.8
476,9,98,0,5.0
476,10,84,0,4.7
476,11,85,0,4.7
476,12,97,0,4.9
477,1,94,0,4.9
477,2,87,0,4.7
477,3,100,0,5.0
477,4,90,0,4.8
477,5,95,0,4.9
477,6,94,0,4.9
477,7,97,0,4.9
477,8,90,0,4.8
477,9,98,0,5.0
477,10,99,0,5.0
477,11,93,0,4.9
477,12,98,0,5.0
478,1,82,0,4.6
478,2,98,0,5.0
478,3,91,0,4.8
478,4,95,0,4.9
478,5,95,0,4.9
478,6,90,0,4.8
478,7,84,0,4.7
478,8,91,0,4.8
478,9,95,0,4.9
478,10,87,0,4.7
478,11,98,0,5.0
478,12,87,0,4.7
479,1,82,0,4.6
479,2,81,0,4.6
479,3,91,0,4.8
479,4,98,0,5.0
479,5,97,0,4.9
479,6,97,0,4.9
479,7,95,0,4.9
479,8,81,0,4.6
479,9,97,0,4.9
479,10,96,0,4.9
479,11,84,0,4.7
479,12,85,0,4.7
480,1,90,0,4.8
480,2,84,0,4.7
480,3,83,0,4.7
480,4,87,0,4.7
480,5,57,0,4.1
480,6,69,1,3.9
480,7,66,1,3.8
480,8,56,1,3.6
480,9,54,1,3.6
480,10,61,1,3.7
480,11,47,2,2.9
480,12,28,2,2.6
481,1,97,0,4.9
481,2,88,0,4.8
481,3,86,0,4.7
481,4,92,0,4.8
481,5,84,0,4.7
481,6,82,0,4.6
481,7,91,0,4.8
481,8,95,0,4.9
481,9,83,0,4.7
481,10,89,0,4.8
481,11,94,0,4.9
481,12,94,0,4.9
482,1,83,0,4.7
482,2,89,0,4.8
482,3,80,0,4.6
482,4,80,0,4.6
482,5,96,0,4.9
482,6,82,0,4.6
482,7,96,0,4.9
482,8,99,0,5.0
482,9,90,0,4.8
482,10,82,0,4.6
482,11,89,0,4.8
482,12,85,0,4.7
483,1,84,0,4.7
483,2,98,0,5.0
483,3,96,0,4.9
483,4,82,0,4.6
483,5,88,0,4.8
483,6,93,0,4.9
483,7,82,0,4.6
483,8,95,0,4.9
483,9,84,0,4.7
483,10,81,0,4.6
483,11,93,0,4.9
483,12,95,0,4.9
484,1,99,0,5.0
484,2,100,0,5.0
484,3,83,0,4.7
484,4,91,0,4.8
484,5,93,0,4.9
484,6,91,0,4.8
484,7,100,0,5.0
484,8,81,0,4.6
484,9,98,0,5.0
484,10,90,0,4.8
484,11,82,0,4.6
484,12,98,0,5.0
485,1,87,0,4.7
485,2,89,0,4.8
485,3,89,0,4.8
485,4,76,0,4.5
485,5,58,0,4.2
485,6,66,1,3.8
485,7,76,2,3.5
485,8,45,2,2.9
485,9,45,2,2.9
485,10,44,3,2.4
485,11,58,3,2.7
485,12,33,4,2.0
486,1,82,0,4.6
486,2,84,0,4.7
486,3,86,0,4.7
486,4,94,0,4.9
486,5,81,0,4.6
486,6,84,0,4.7
486,7,90,0,4.8
486,8,97,0,4.9
486,9,81,0,4.6
486,10,97,0,4.9
486,11,84,0,4.7
486,12,92,0,4.8
487,1,95,0,4.9
487,2,85,0,4.7
487,3,84,0,4.7
487,4,85,0,4.7
487,5,98,0,5.0
487,6,99,0,5.0
487,7,91,0,4.8
487,8,90,0,4.8
487,9,91,0,4.8
487,10,98,0,5.0
487,11,93,0,4.9
487,12,92,0,4.8
488,1,93,0,4.9
488,2,96,0,4.9
488,3,91,0,4.8
488,4,90,0,4.8
488,5,81,0,4.6
488,6,99,0,5.0
488,7,99,0,5.0
488,8,81,0,4.6
488,9,85,0,4.7
488,10,91,0,4.8
488,11,89,0,4.8
488,12,98,0,5.0
489,1,92,0,4.8
489,2,91,0,4.8
489,3,94,0,4.9
489,4,100,0,5.0
489,5,94,0,4.9
489,6,100,0,5.0
489,7,88,0,4.8
489,8,91,0,4.8
489,9,83,0,4.7
489,10,93,0,4.9
489,11,88,0,4.8
489,12,100,0,5.0
490,1,96,0,4.9
490,2,94,0,4.9
490,3,100,0,5.0
490,4,82,0,4.6
490,5,83,0,4.7
490,6,84,0,4.7
490,7,98,0,5.0
490,8,85,0,4.7
490,9,100,0,5.0
490,10,92,0,4.8
490,11,96,0,4.9
490,12,89,0,4.8
491,1,98,0,5.0
491,2,91,0,4.8
491,3,92,0,4.8
491,4,84,0,4.7
491,5,82,0,4.6
491,6,84,0,4.7
491,7,100,0,5.0
491,8,99,0,5.0
491,9,86,0,4.7
491,10,81,0,4.6
491,11,85,0,4.7
491,12,81,0,4.6
492,1,97,0,4.9
492,2,90,0,4.8
492,3,100,0,5.0
492,4,80,0,4.6
492,5,91,0,4.8
492,6,97,0,4.9
492,7,96,0,4.9
492,8,86,0,4.7
492,9,87,0,4.7
492,10,90,0,4.8
492,11,87,0,4.7
492,12,85,0,4.7
493,1,100,0,5.0
493,2,81,0,4.6
493,3,90,0,4.8
493,4,86,0,4.7
493,5,95,0,4.9
493,6,99,0,5.0
493,7,81,0,4.6
493,8,95,0,4.9
493,9,96,0,4.9
493,10,92,0,4.8
493,11,87,0,4.7
493,12,98,0,5.0
494,1,94,0,4.9
494,2,89,0,4.8
494,3,80,0,4.6
494,4,89,0,4.8
494,5,90,0,4.8
494,6,87,0,4.7
494,7,92,0,4.8
494,8,93,0,4.9
494,9,95,0,4.9
494,10,94,0,4.9
494,11,97,0,4.9
494,12,96,0,4.9
495,1,91,0,4.8
495,2,89,0,4.8
495,3,98,0,5.0
495,4,89,0,4.8
495,5,97,0,4.9
495,6,90,0,4.8
495,7,87,0,4.7
495,8,99,0,5.0
495,9,93,0,4.9
495,10,88,0,4.8
495,11,94,0,4.9
495,12,80,0,4.6
496,1,94,0,4.9
496,2,89,0,4.8
496,3,98,0,5.0
496,4,95,0,4.9
496,5,99,0,5.0
496,6,94,0,4.9
496,7,85,0,4.7
496,8,92,0,4.8
496,9,85,0,4.7
496,10,93,0,4.9
496,11,95,0,4.9
496,12,91,0,4.8
497,1,89,0,4.8
497,2,82,0,4.6
497,3,79,0,4.6
497,4,82,0,4.6
497,5,67,0,4.3
497,6,67,0,4.3
497,7,61,0,4.2
497,8,48,0,4.0
497,9,35,0,3.7
497,10,68,0,4.4
497,11,37,0,3.7
497,12,33,1,3.2
498,1,95,0,4.9
498,2,94,0,4.9
498,3,83,0,4.7
498,4,83,0,4.7
498,5,88,0,4.8
498,6,85,0,4.7
498,7,99,0,5.0
498,8,85,0,4.7
498,9,85,0,4.7
498,10,80,0,4.6
498,11,89,0,4.8
498,12,98,0,5.0
499,1,86,0,4.7
499,2,87,0,4.7
499,3,91,0,4.8
499,4,84,0,4.7
499,5,97,0,4.9
499,6,97,0,4.9
499,7,82,0,4.6
499,8,87,0,4.7
499,9,84,0,4.7
499,10,81,0,4.6
499,11,85,0,4.7
499,12,90,0,4.8
500,1,90,0,4.8
500,2,100,0,5.0
500,3,88,0,4.8
500,4,96,0,4.9
500,5,85,0,4.7
500,6,88,0,4.8
500,7,96,0,4.9
500,8,100,0,5.0
500,9,92,0,4.8
500,10,83,0,4.7
500,11,91,0,4.8
500,12,87,0,4.7
