student_id,week,lms_views_min,hw_submitted,test_attempts
1,1,182,0,3
1,2,262,1,2
1,3,236,1,1
1,4,124,0,1
1,5,202,0,3
1,6,179,0,3
1,7,96,1,1
1,8,160,1,2
1,9,65,1,2
1,10,6,0,0
1,11,125,0,3
1,12,7,1,0
2,1,201,1,3
2,2,166,1,2
2,3,248,0,2
2,4,107,1,3
2,5,84,0,3
2,6,118,1,1
2,7,108,0,2
2,8,108,1,1
2,9,0,1,0
2,10,0,0,0
2,11,48,0,0
2,12,165,0,2
3,1,162,1,1
3,2,195,1,1
3,3,146,1,2
3,4,289,1,3
3,5,280,1,2
3,6,140,0,3
3,7,199,1,3
3,8,286,1,3
3,9,224,1,2
3,10,186,0,1
3,11,222,1,2
3,12,129,1,2
4,1,229,1,2
4,2,195,1,2
4,3,160,0,3
4,4,232,1,3
4,5,258,1,3
4,6,124,1,3
4,7,184,1,1
4,8,208,1,1
4,9,205,0,1
4,10,188,1,2
4,11,182,1,2
4,12,217,1,1
5,1,126,0,1
5,2,161,0,1
5,3,278,1,2
5,4,151,1,3
5,5,159,1,2
5,6,150,1,2
5,7,183,1,1
5,8,152,0,2
5,9,193,1,2
5,10,147,1,2
5,11,297,1,1
5,12,139,1,3
6,1,262,1,1
6,2,216,1,3
6,3,256,1,3
6,4,192,0,3
6,5,200,0,1
6,6,123,1,1
6,7,242,0,3
6,8,259,0,3
6,9,266,1,2
6,10,202,1,3
6,11,195,1,2
6,12,274,1,2
7,1,136,1,1
7,2,192,1,1
7,3,279,1,3
7,4,135,1,3
7,5,269,1,3
7,6,236,1,3
7,7,152,1,3
7,8,241,1,1
7,9,175,1,3
7,10,278,0,2
7,11,285,0,3
7,12,297,1,3
8,1,154,1,1
8,2,168,0,2
8,3,211,1,1
8,4,268,1,2
8,5,259,1,2
8,6,263,1,3
8,7,220,1,1
8,8,264,0,1
8,9,192,0,1
8,10,170,1,1
8,11,206,1,1
8,12,120,1,3
9,1,158,1,1
9,2,235,1,3
9,3,135,0,1
9,4,163,1,3
9,5,159,0,1
9,6,254,0,3
9,7,279,1,3
9,8,245,0,3
9,9,224,1,1
9,10,128,0,3
9,11,274,0,3
9,12,174,1,1
10,1,281,0,1
10,2,243,0,1
10,3,207,1,3
10,4,269,1,3
10,5,259,1,3
10,6,154,1,2
10,7,282,1,2
10,8,34,0,0
10,9,18,0,0
10,10,1,0,0
10,11,16,0,0
10,12,1,1,0
11,1,148,0,3
11,2,128,0,3
11,3,165,1,3
11,4,130,1,3
11,5,280,1,3
11,6,141,1,1
11,7,245,1,3
11,8,187,1,2
11,9,234,1,2
11,10,236,1,3
11,11,292,0,3
11,12,174,1,2
12,1,133,1,1
12,2,138,1,2
12,3,267,0,2
12,4,185,0,1
12,5,139,1,1
12,6,252,1,1
12,7,122,1,3
12,8,139,1,1
12,9,163,1,2
12,10,177,0,2
12,11,199,1,1
12,12,175,0,3
13,1,297,0,2
13,2,269,1,1
13,3,131,0,1
13,4,125,0,1
13,5,221,0,2
13,6,246,1,1
13,7,189,1,3
13,8,142,0,2
13,9,235,1,3
13,10,190,1,1
13,11,260,1,2
13,12,199,1,3
14,1,211,1,1
14,2,184,1,2
14,3,209,1,1
14,4,217,0,3
14,5,64,1,1
14,6,163,0,3
14,7,53,0,1
14,8,146,1,1
14,9,38,1,0
14,10,89,1,1
14,11,109,1,2
14,12,116,0,1
15,1,142,0,1
15,2,186,1,2
15,3,255,1,2
15,4,131,0,2
15,5,159,0,3
15,6,254,0,1
15,7,247,0,3
15,8,263,1,3
15,9,190,1,1
15,10,180,1,3
15,11,187,1,3
15,12,294,1,3
16,1,185,0,2
16,2,217,1,1
16,3,293,0,1
16,4,223,1,3
16,5,179,0,2
16,6,208,1,2
16,7,143,1,3
16,8,155,0,3
16,9,239,0,3
16,10,192,1,1
16,11,242,1,2
16,12,146,0,2
17,1,243,1,3
17,2,282,1,2
17,3,223,1,2
17,4,187,1,2
17,5,282,0,3
17,6,143,1,3
17,7,270,1,3
17,8,150,1,2
17,9,214,1,2
17,10,188,1,3
17,11,261,1,3
17,12,236,1,1
18,1,189,1,1
18,2,178,0,1
18,3,253,1,1
18,4,127,0,2
18,5,253,1,3
18,6,235,1,1
18,7,240,1,3
18,8,233,1,3
18,9,208,1,2
18,10,206,1,2
18,11,211,0,1
18,12,128,1,1
19,1,162,1,2
19,2,277,1,1
19,3,203,1,1
19,4,292,0,2
19,5,135,1,3
19,6,219,1,1
19,7,213,1,1
19,8,164,1,1
19,9,270,1,2
19,10,180,1,2
19,11,193,0,2
19,12,155,1,1
20,1,206,1,1
20,2,169,1,3
20,3,164,0,3
20,4,221,1,1
20,5,198,0,3
20,6,138,0,1
20,7,224,1,1
20,8,37,0,0
20,9,6,1,0
20,10,16,0,0
20,11,31,0,0
20,12,11,1,0
21,1,150,1,3
21,2,130,1,1
21,3,154,0,1
21,4,157,0,1
21,5,150,1,3
21,6,275,1,3
21,7,157,1,1
21,8,137,1,2
21,9,220,1,3
21,10,120,0,2
21,11,134,1,2
21,12,120,1,2
22,1,152,1,1
22,2,188,1,3
22,3,233,0,1
22,4,277,0,3
22,5,127,1,1
22,6,182,1,1
22,7,300,1,2
22,8,206,1,1
22,9,280,1,1
22,10,236,1,1
22,11,221,0,1
22,12,279,1,2
23,1,128,1,2
23,2,186,0,2
23,3,286,1,2
23,4,212,0,3
23,5,218,1,2
23,6,212,1,2
23,7,156,1,2
23,8,190,1,2
23,9,134,1,2
23,10,140,1,1
23,11,213,1,2
23,12,150,1,1
24,1,294,1,1
24,2,241,1,2
24,3,216,0,1
24,4,163,0,1
24,5,283,1,2
24,6,183,1,3
24,7,148,1,2
24,8,230,1,2
24,9,298,1,1
24,10,131,1,1
24,11,232,1,1
24,12,127,1,1
25,1,200,1,2
25,2,122,1,2
25,3,201,1,3
25,4,279,1,2
25,5,151,1,2
25,6,192,1,1
25,7,283,1,3
25,8,270,0,1
25,9,284,0,2
25,10,279,1,1
25,11,276,0,1
25,12,219,0,2
26,1,120,1,2
26,2,243,0,3
26,3,162,0,1
26,4,253,1,3
26,5,229,1,3
26,6,178,0,1
26,7,168,1,1
26,8,199,1,3
26,9,247,1,1
26,10,166,1,1
26,11,130,1,3
26,12,251,1,3
27,1,241,0,3
27,2,122,1,2
27,3,128,1,1
27,4,245,1,1
27,5,218,1,1
27,6,164,1,3
27,7,209,1,1
27,8,265,1,3
27,9,154,1,3
27,10,198,1,1
27,11,219,1,2
27,12,136,1,3
28,1,205,1,2
28,2,247,1,1
28,3,236,1,1
28,4,193,1,3
28,5,269,1,1
28,6,143,1,1
28,7,174,1,2
28,8,142,1,2
28,9,216,1,2
28,10,145,1,3
28,11,208,1,1
28,12,253,1,2
29,1,222,1,2
29,2,267,1,2
29,3,190,1,2
29,4,226,1,3
29,5,179,0,1
29,6,292,1,2
29,7,212,1,2
29,8,244,1,2
29,9,259,1,2
29,10,190,1,2
29,11,165,1,3
29,12,148,1,3
30,1,192,1,1
30,2,159,1,1
30,3,285,1,2
30,4,164,1,1
30,5,285,1,2
30,6,207,0,3
30,7,264,0,1
30,8,195,0,1
30,9,136,1,3
30,10,284,1,1
30,11,236,0,2
30,12,195,0,2
31,1,276,1,2
31,2,131,1,1
31,3,290,0,2
31,4,246,1,2
31,5,184,1,3
31,6,288,1,1
31,7,138,1,2
31,8,249,1,1
31,9,278,0,1
31,10,197,1,1
31,11,248,1,1
31,12,231,1,1
32,1,221,0,3
32,2,185,0,2
32,3,210,1,2
32,4,223,1,2
32,5,134,1,2
32,6,167,1,2
32,7,138,1,2
32,8,160,1,1
32,9,260,1,1
32,10,253,1,1
32,11,242,1,3
32,12,198,1,1
33,1,164,1,3
33,2,204,1,2
33,3,140,1,3
33,4,220,1,2
33,5,256,1,2
33,6,199,1,3
33,7,292,1,1
33,8,212,1,3
33,9,164,1,2
33,10,140,1,1
33,11,241,1,3
33,12,229,1,2
34,1,163,1,1
34,2,259,1,3
34,3,223,1,2
34,4,145,1,1
34,5,273,1,2
34,6,133,0,3
34,7,191,1,2
34,8,281,1,2
34,9,222,1,1
34,10,156,1,2
34,11,202,0,2
34,12,238,1,2
35,1,170,0,3
35,2,175,1,2
35,3,226,0,1
35,4,154,0,2
35,5,234,0,2
35,6,202,1,2
35,7,184,0,1
35,8,12,0,0
35,9,11,1,0
35,10,4,1,0
35,11,8,1,0
35,12,9,1,0
36,1,157,1,2
36,2,141,1,1
36,3,209,1,2
36,4,253,1,2
36,5,278,0,3
36,6,263,1,1
36,7,266,1,1
36,8,129,1,2
36,9,207,1,1
36,10,257,1,1
36,11,256,1,3
36,12,165,1,1
37,1,229,0,1
37,2,263,1,3
37,3,138,1,1
37,4,139,0,2
37,5,102,1,3
37,6,177,1,3
37,7,121,1,1
37,8,162,1,2
37,9,51,0,1
37,10,124,1,3
37,11,0,0,0
37,12,0,0,0
38,1,260,1,3
38,2,135,1,1
38,3,182,1,3
38,4,193,1,1
38,5,130,1,1
38,6,132,1,2
38,7,263,0,1
38,8,180,1,3
38,9,195,1,1
38,10,243,1,1
38,11,169,1,1
38,12,258,1,3
39,1,255,1,3
39,2,205,1,2
39,3,236,1,3
39,4,242,1,3
39,5,176,1,2
39,6,263,1,1
39,7,210,0,1
39,8,238,1,3
39,9,202,1,1
39,10,222,1,2
39,11,261,1,1
39,12,190,1,2
40,1,205,1,1
40,2,254,0,3
40,3,219,1,3
40,4,245,0,3
40,5,297,1,2
40,6,230,1,2
40,7,205,0,2
40,8,299,1,2
40,9,192,1,1
40,10,244,1,3
40,11,257,1,1
40,12,247,1,2
41,1,269,0,2
41,2,293,0,2
41,3,157,0,2
41,4,207,1,3
41,5,135,1,3
41,6,188,1,3
41,7,132,0,1
41,8,197,1,3
41,9,249,1,1
41,10,269,1,1
41,11,129,1,2
41,12,265,1,3
42,1,247,1,3
42,2,254,1,1
42,3,129,1,1
42,4,161,1,3
42,5,237,1,3
42,6,184,0,3
42,7,126,1,3
42,8,188,0,1
42,9,123,0,2
42,10,194,1,2
42,11,184,0,2
42,12,184,1,3
43,1,127,1,1
43,2,267,1,3
43,3,203,1,2
43,4,202,1,3
43,5,121,1,2
43,6,177,0,3
43,7,170,0,1
43,8,253,1,1
43,9,211,1,2
43,10,154,1,2
43,11,136,1,3
43,12,178,0,3
44,1,216,0,2
44,2,134,0,2
44,3,161,1,2
44,4,166,1,3
44,5,245,0,1
44,6,298,1,3
44,7,140,1,2
44,8,218,1,3
44,9,232,0,2
44,10,165,1,3
44,11,202,1,1
44,12,183,1,2
45,1,181,1,2
45,2,238,1,3
45,3,234,1,3
45,4,296,1,2
45,5,242,1,2
45,6,148,0,2
45,7,297,1,3
45,8,158,1,3
45,9,210,0,2
45,10,143,0,2
45,11,266,0,3
45,12,185,1,2
46,1,218,1,2
46,2,220,1,2
46,3,261,1,3
46,4,230,1,3
46,5,237,1,3
46,6,256,1,1
46,7,270,1,3
46,8,250,0,3
46,9,256,1,1
46,10,146,0,2
46,11,121,1,1
46,12,144,1,1
47,1,163,1,2
47,2,298,0,2
47,3,220,0,3
47,4,299,0,3
47,5,273,1,3
47,6,254,0,1
47,7,283,0,1
47,8,220,1,3
47,9,267,1,3
47,10,246,0,2
47,11,291,1,2
47,12,233,1,1
48,1,294,1,2
48,2,285,1,3
48,3,239,1,2
48,4,195,0,1
48,5,241,0,3
48,6,219,1,3
48,7,200,1,3
48,8,138,0,2
48,9,208,0,1
48,10,189,1,1
48,11,228,0,1
48,12,210,1,1
49,1,247,0,1
49,2,242,0,3
49,3,162,0,3
49,4,208,1,3
49,5,251,1,1
49,6,237,0,2
49,7,169,1,3
49,8,120,0,1
49,9,225,1,3
49,10,296,1,2
49,11,248,1,3
49,12,226,0,1
50,1,294,1,1
50,2,288,1,2
50,3,227,0,1
50,4,243,0,3
50,5,191,1,2
50,6,133,1,2
50,7,230,1,1
50,8,157,1,1
50,9,299,1,2
50,10,126,1,3
50,11,271,0,2
50,12,151,0,3
51,1,171,1,3
51,2,238,0,1
51,3,227,0,3
51,4,208,0,3
51,5,214,1,3
51,6,222,1,2
51,7,246,1,1
51,8,259,0,2
51,9,147,1,3
51,10,279,1,2
51,11,219,1,2
51,12,260,1,2
52,1,273,1,3
52,2,291,1,2
52,3,176,0,3
52,4,252,1,1
52,5,203,0,1
52,6,249,1,2
52,7,173,1,2
52,8,296,0,2
52,9,192,1,2
52,10,121,1,3
52,11,277,1,2
52,12,146,0,2
53,1,267,1,3
53,2,126,1,2
53,3,163,1,2
53,4,220,1,1
53,5,101,1,3
53,6,208,1,2
53,7,116,0,3
53,8,134,1,3
53,9,119,1,3
53,10,143,1,1
53,11,0,1,0
53,12,63,1,3
54,1,280,1,1
54,2,255,1,1
54,3,160,1,1
54,4,295,1,3
54,5,247,1,2
54,6,163,0,2
54,7,295,1,3
54,8,266,1,3
54,9,190,1,3
54,10,248,1,1
54,11,228,1,1
54,12,173,0,2
55,1,177,0,1
55,2,226,0,1
55,3,284,0,1
55,4,149,0,2
55,5,126,0,1
55,6,152,1,2
55,7,196,0,2
55,8,210,1,1
55,9,165,0,3
55,10,249,1,1
55,11,196,0,3
55,12,155,1,1
56,1,226,1,3
56,2,155,1,2
56,3,147,0,3
56,4,179,1,3
56,5,187,0,2
56,6,293,0,3
56,7,200,0,3
56,8,269,0,3
56,9,287,1,2
56,10,135,1,2
56,11,218,1,3
56,12,267,0,2
57,1,132,1,1
57,2,134,1,1
57,3,213,1,2
57,4,281,0,2
57,5,267,1,3
57,6,133,1,3
57,7,180,1,3
57,8,250,1,1
57,9,204,1,3
57,10,122,1,3
57,11,174,0,1
57,12,207,1,1
58,1,142,1,3
58,2,113,0,1
58,3,85,1,3
58,4,194,1,3
58,5,137,1,3
58,6,26,1,0
58,7,80,1,2
58,8,164,0,3
58,9,46,1,0
58,10,84,1,3
58,11,0,1,0
58,12,28,1,0
59,1,136,0,3
59,2,184,1,2
59,3,153,1,3
59,4,139,1,2
59,5,191,0,3
59,6,252,1,3
59,7,147,0,3
59,8,141,1,3
59,9,190,1,3
59,10,298,1,2
59,11,160,0,1
59,12,145,0,3
60,1,219,1,2
60,2,155,1,2
60,3,168,1,2
60,4,254,0,3
60,5,176,1,2
60,6,154,1,3
60,7,223,0,2
60,8,264,1,2
60,9,288,0,1
60,10,219,1,3
60,11,215,0,2
60,12,211,1,2
61,1,211,1,2
61,2,148,0,2
61,3,113,0,2
61,4,193,1,2
61,5,115,1,1
61,6,70,0,1
61,7,40,1,0
61,8,0,1,0
61,9,137,0,3
61,10,199,1,1
61,11,105,0,2
61,12,16,1,0
62,1,197,0,2
62,2,263,0,1
62,3,293,1,2
62,4,186,1,1
62,5,164,1,1
62,6,155,0,1
62,7,196,1,1
62,8,274,1,2
62,9,192,1,2
62,10,255,1,2
62,11,290,1,1
62,12,126,1,1
63,1,135,0,3
63,2,238,1,2
63,3,210,1,2
63,4,225,1,1
63,5,141,1,3
63,6,274,1,1
63,7,235,0,2
63,8,120,1,1
63,9,251,1,1
63,10,256,1,2
63,11,292,1,2
63,12,291,1,3
64,1,281,1,2
64,2,159,1,2
64,3,143,1,1
64,4,232,1,1
64,5,220,0,1
64,6,203,1,3
64,7,233,1,3
64,8,223,1,1
64,9,189,1,3
64,10,129,1,3
64,11,220,1,1
64,12,251,1,1
65,1,227,1,3
65,2,168,1,1
65,3,127,1,1
65,4,225,1,3
65,5,260,0,3
65,6,171,0,3
65,7,285,1,2
65,8,143,0,2
65,9,126,1,3
65,10,207,0,3
65,11,143,0,1
65,12,145,0,1
66,1,291,1,3
66,2,181,1,2
66,3,179,1,2
66,4,189,1,2
66,5,147,0,3
66,6,177,1,3
66,7,279,0,1
66,8,139,0,2
66,9,138,1,2
66,10,221,1,3
66,11,174,1,2
66,12,171,1,2
67,1,201,1,3
67,2,232,1,1
67,3,297,0,3
67,4,225,0,3
67,5,198,1,3
67,6,160,1,3
67,7,284,1,1
67,8,222,1,2
67,9,163,1,3
67,10,169,1,3
67,11,228,1,1
67,12,232,0,2
68,1,275,1,1
68,2,122,1,2
68,3,246,0,1
68,4,136,1,1
68,5,187,0,3
68,6,90,1,2
68,7,70,1,3
68,8,65,1,2
68,9,183,0,2
68,10,134,1,2
68,11,94,0,1
68,12,115,1,1
69,1,214,1,3
69,2,197,0,3
69,3,290,1,3
69,4,222,1,3
69,5,140,1,1
69,6,262,1,3
69,7,257,0,1
69,8,143,1,3
69,9,175,1,2
69,10,152,1,2
69,11,212,1,1
69,12,130,0,2
70,1,160,1,3
70,2,103,1,2
70,3,221,1,2
70,4,81,1,1
70,5,128,1,2
70,6,35,1,0
70,7,45,1,0
70,8,0,0,0
70,9,71,0,2
70,10,136,1,2
70,11,72,0,1
70,12,0,1,0
71,1,157,1,3
71,2,136,1,3
71,3,201,1,2
71,4,129,1,2
71,5,271,1,3
71,6,160,1,2
71,7,228,1,2
71,8,158,1,3
71,9,123,1,3
71,10,252,1,2
71,11,238,1,2
71,12,159,1,2
72,1,242,1,3
72,2,185,1,2
72,3,244,0,1
72,4,138,1,1
72,5,151,1,1
72,6,115,1,2
72,7,199,0,3
72,8,163,1,1
72,9,98,1,2
72,10,38,1,0
72,11,100,1,1
72,12,126,1,1
73,1,182,1,2
73,2,257,1,3
73,3,121,1,1
73,4,213,1,1
73,5,172,1,3
73,6,281,0,2
73,7,264,0,1
73,8,264,0,3
73,9,282,1,3
73,10,127,1,1
73,11,162,0,1
73,12,155,1,2
74,1,149,0,2
74,2,161,1,1
74,3,187,1,1
74,4,136,1,1
74,5,156,1,3
74,6,181,1,1
74,7,225,0,1
74,8,169,1,1
74,9,161,1,3
74,10,161,0,3
74,11,182,1,1
74,12,176,1,3
75,1,197,1,1
75,2,232,1,2
75,3,185,1,1
75,4,192,1,3
75,5,276,1,1
75,6,182,1,3
75,7,270,1,3
75,8,180,0,1
75,9,285,1,2
75,10,272,0,2
75,11,281,0,3
75,12,121,1,2
76,1,153,1,2
76,2,153,1,3
76,3,293,1,1
76,4,283,1,2
76,5,170,1,3
76,6,122,1,2
76,7,132,1,3
76,8,145,1,3
76,9,290,1,1
76,10,287,1,3
76,11,217,1,3
76,12,283,1,1
77,1,162,1,1
77,2,265,1,1
77,3,133,0,1
77,4,271,0,2
77,5,217,1,2
77,6,213,1,1
77,7,144,0,1
77,8,239,1,2
77,9,194,0,1
77,10,224,0,3
77,11,260,0,3
77,12,125,1,1
78,1,212,1,2
78,2,131,0,3
78,3,288,0,3
78,4,188,1,1
78,5,150,0,1
78,6,184,0,1
78,7,124,1,3
78,8,202,1,3
78,9,294,1,3
78,10,254,1,1
78,11,274,1,3
78,12,222,1,2
79,1,164,0,1
79,2,245,1,3
79,3,203,1,3
79,4,81,0,1
79,5,161,1,1
79,6,203,1,1
79,7,132,1,3
79,8,81,1,3
79,9,62,1,3
79,10,0,0,0
79,11,0,1,0
79,12,0,1,0
80,1,250,1,2
80,2,193,1,1
80,3,181,1,3
80,4,183,0,1
80,5,147,1,3
80,6,129,1,2
80,7,145,0,1
80,8,213,1,2
80,9,277,1,3
80,10,201,0,2
80,11,130,1,1
80,12,210,0,2
81,1,300,1,2
81,2,155,1,3
81,3,245,0,3
81,4,158,1,3
81,5,287,0,1
81,6,229,1,3
81,7,274,1,3
81,8,150,1,1
81,9,150,1,3
81,10,187,1,1
81,11,247,1,3
81,12,223,1,1
82,1,135,1,1
82,2,120,1,1
82,3,243,1,1
82,4,220,0,3
82,5,163,1,1
82,6,123,1,1
82,7,292,0,1
82,8,183,1,3
82,9,265,1,3
82,10,199,1,2
82,11,179,1,2
82,12,176,1,1
83,1,208,1,2
83,2,248,1,1
83,3,297,1,1
83,4,211,1,3
83,5,250,0,3
83,6,174,1,3
83,7,214,1,1
83,8,195,1,1
83,9,255,0,1
83,10,212,1,3
83,11,130,1,2
83,12,155,1,3
84,1,296,1,2
84,2,271,1,2
84,3,183,1,1
84,4,191,0,2
84,5,230,1,2
84,6,168,1,1
84,7,156,1,1
84,8,22,0,0
84,9,24,1,0
84,10,8,1,0
84,11,7,1,0
84,12,5,0,0
85,1,153,1,3
85,2,255,1,1
85,3,241,1,1
85,4,170,0,1
85,5,278,1,1
85,6,280,1,2
85,7,129,1,1
85,8,182,1,1
85,9,279,1,2
85,10,226,1,1
85,11,192,1,3
85,12,281,1,3
86,1,206,1,2
86,2,185,0,2
86,3,159,1,1
86,4,120,1,1
86,5,122,1,3
86,6,269,1,1
86,7,207,0,3
86,8,285,1,2
86,9,212,1,3
86,10,299,1,3
86,11,159,1,1
86,12,273,1,3
87,1,278,1,2
87,2,151,0,2
87,3,141,1,1
87,4,125,1,3
87,5,212,1,3
87,6,172,1,2
87,7,223,1,3
87,8,284,1,2
87,9,127,1,2
87,10,143,1,2
87,11,280,1,2
87,12,213,1,3
88,1,206,1,1
88,2,227,0,2
88,3,139,1,1
88,4,231,1,1
88,5,293,1,3
88,6,256,1,3
88,7,222,1,1
88,8,208,1,3
88,9,187,0,1
88,10,200,1,3
88,11,164,0,1
88,12,262,1,3
89,1,212,1,2
89,2,170,0,2
89,3,166,1,3
89,4,158,1,3
89,5,190,1,3
89,6,217,1,2
89,7,133,1,3
89,8,253,1,3
89,9,221,1,3
89,10,189,1,3
89,11,139,0,2
89,12,192,1,2
90,1,122,1,1
90,2,131,1,3
90,3,126,1,1
90,4,293,1,2
90,5,179,1,1
90,6,273,1,3
90,7,134,1,1
90,8,164,1,1
90,9,145,0,3
90,10,277,1,2
90,11,217,1,3
90,12,217,0,1
91,1,153,0,1
91,2,217,1,3
91,3,163,1,2
91,4,206,0,1
91,5,252,1,1
91,6,174,0,1
91,7,246,1,2
91,8,266,1,2
91,9,268,0,1
91,10,290,0,2
91,11,138,1,2
91,12,147,1,2
92,1,213,1,1
92,2,162,1,1
92,3,148,0,3
92,4,178,1,1
92,5,284,1,3
92,6,173,1,1
92,7,253,1,3
92,8,287,1,2
92,9,167,1,3
92,10,207,1,2
92,11,188,1,3
92,12,200,1,1
93,1,204,1,3
93,2,223,0,2
93,3,272,1,1
93,4,168,1,2
93,5,194,1,3
93,6,215,1,2
93,7,202,1,3
93,8,150,0,2
93,9,185,1,3
93,10,267,0,1
93,11,297,1,3
93,12,285,1,1
94,1,282,1,2
94,2,290,0,1
94,3,166,1,1
94,4,155,1,2
94,5,241,1,3
94,6,268,1,1
94,7,166,1,1
94,8,135,0,2
94,9,131,1,1
94,10,201,0,2
94,11,253,1,3
94,12,279,1,1
95,1,147,0,2
95,2,255,1,2
95,3,187,1,3
95,4,206,1,2
95,5,254,1,3
95,6,146,0,1
95,7,213,1,2
95,8,141,1,3
95,9,227,0,3
95,10,137,0,3
95,11,144,1,3
95,12,199,1,2
96,1,274,0,2
96,2,240,1,2
96,3,202,1,1
96,4,224,1,1
96,5,159,1,3
96,6,273,1,2
96,7,212,1,2
96,8,243,1,1
96,9,272,1,3
96,10,174,0,3
96,11,270,0,1
96,12,120,0,1
97,1,262,1,1
97,2,132,0,3
97,3,282,0,2
97,4,226,0,3
97,5,135,1,3
97,6,242,1,3
97,7,167,0,1
97,8,202,1,2
97,9,271,1,1
97,10,174,1,1
97,11,149,1,1
97,12,125,1,1
98,1,253,0,2
98,2,198,1,1
98,3,218,1,3
98,4,103,1,3
98,5,100,1,1
98,6,88,1,1
98,7,139,0,3
98,8,123,1,3
98,9,135,0,2
98,10,181,1,3
98,11,75,1,1
98,12,30,1,0
99,1,169,0,1
99,2,129,1,3
99,3,146,0,2
99,4,247,0,2
99,5,286,0,2
99,6,281,1,2
99,7,270,1,1
99,8,293,1,1
99,9,249,1,3
99,10,144,1,1
99,11,189,1,3
99,12,239,1,1
100,1,223,1,1
100,2,185,1,3
100,3,113,1,2
100,4,92,0,2
100,5,120,1,3
100,6,8,0,0
100,7,26,1,0
100,8,52,0,3
100,9,157,0,1
100,10,0,0,0
100,11,121,0,3
100,12,5,1,0
101,1,240,0,1
101,2,130,1,2
101,3,120,1,1
101,4,272,1,2
101,5,229,0,1
101,6,121,0,2
101,7,255,1,1
101,8,130,1,1
101,9,267,0,3
101,10,160,0,1
101,11,230,1,1
101,12,205,1,2
102,1,259,1,1
102,2,183,1,2
102,3,284,1,2
102,4,144,1,1
102,5,197,1,2
102,6,184,0,2
102,7,141,1,1
102,8,277,0,3
102,9,180,0,2
102,10,194,1,2
102,11,282,1,1
102,12,198,1,1
103,1,220,1,1
103,2,262,1,2
103,3,134,1,1
103,4,247,1,2
103,5,220,1,1
103,6,190,0,1
103,7,225,0,3
103,8,152,0,2
103,9,136,1,1
103,10,149,1,2
103,11,124,1,1
103,12,194,0,3
104,1,189,1,3
104,2,147,0,1
104,3,138,0,2
104,4,127,1,3
104,5,197,1,3
104,6,253,1,2
104,7,165,0,2
104,8,198,1,3
104,9,204,0,2
104,10,194,1,2
104,11,238,1,3
104,12,263,1,2
105,1,129,1,2
105,2,174,1,1
105,3,131,1,2
105,4,254,1,1
105,5,256,1,1
105,6,131,1,1
105,7,254,1,2
105,8,287,0,3
105,9,253,0,1
105,10,179,1,3
105,11,157,1,2
105,12,236,1,1
106,1,233,1,2
106,2,176,0,1
106,3,182,1,1
106,4,153,0,3
106,5,151,1,2
106,6,290,1,3
106,7,221,1,3
106,8,262,1,2
106,9,159,1,1
106,10,208,1,3
106,11,291,0,2
106,12,176,1,2
107,1,161,1,2
107,2,131,1,1
107,3,295,1,2
107,4,262,1,1
107,5,283,1,2
107,6,296,1,2
107,7,190,1,1
107,8,191,0,3
107,9,173,0,1
107,10,299,1,2
107,11,281,1,3
107,12,237,1,1
108,1,110,1,2
108,2,213,1,1
108,3,209,1,3
108,4,141,1,1
108,5,156,0,3
108,6,223,1,2
108,7,107,1,2
108,8,39,1,0
108,9,0,1,0
108,10,9,1,0
108,11,18,1,0
108,12,96,1,3
109,1,200,1,2
109,2,217,1,1
109,3,152,1,3
109,4,268,1,3
109,5,154,0,1
109,6,220,1,1
109,7,145,1,1
109,8,222,1,3
109,9,259,1,2
109,10,282,1,1
109,11,120,1,3
109,12,241,0,2
110,1,149,1,2
110,2,196,0,2
110,3,122,0,2
110,4,193,0,1
110,5,130,1,3
110,6,184,1,3
110,7,287,1,2
110,8,253,0,3
110,9,134,1,1
110,10,281,0,2
110,11,143,1,1
110,12,295,0,3
111,1,256,0,1
111,2,127,0,3
111,3,181,1,2
111,4,233,1,1
111,5,183,1,3
111,6,199,0,2
111,7,289,0,2
111,8,140,0,1
111,9,148,1,2
111,10,151,1,2
111,11,281,1,1
111,12,276,0,1
112,1,148,0,3
112,2,147,1,2
112,3,159,1,3
112,4,93,0,2
112,5,194,1,2
112,6,41,1,0
112,7,43,1,0
112,8,53,1,1
112,9,66,1,1
112,10,123,1,2
112,11,8,1,0
112,12,12,1,0
113,1,203,1,3
113,2,258,1,1
113,3,129,1,1
113,4,254,1,3
113,5,162,1,1
113,6,177,1,3
113,7,209,0,1
113,8,122,1,2
113,9,298,1,2
113,10,283,1,1
113,11,191,1,3
113,12,194,1,3
114,1,127,1,2
114,2,263,1,3
114,3,244,1,1
114,4,156,1,2
114,5,292,1,1
114,6,195,1,1
114,7,204,0,2
114,8,125,1,1
114,9,134,1,3
114,10,150,1,3
114,11,170,0,1
114,12,219,1,1
115,1,212,0,2
115,2,124,1,3
115,3,199,1,2
115,4,182,0,1
115,5,250,1,1
115,6,235,1,2
115,7,181,1,1
115,8,290,0,3
115,9,245,1,1
115,10,203,1,2
115,11,252,1,2
115,12,176,1,3
116,1,269,1,3
116,2,169,1,1
116,3,224,0,3
116,4,221,1,3
116,5,147,1,3
116,6,293,1,1
116,7,275,1,3
116,8,176,0,3
116,9,195,0,1
116,10,168,1,1
116,11,208,1,1
116,12,154,1,2
117,1,262,0,2
117,2,237,0,2
117,3,192,1,3
117,4,177,1,1
117,5,199,1,1
117,6,267,1,2
117,7,265,1,2
117,8,205,0,3
117,9,170,1,3
117,10,289,1,1
117,11,185,0,3
117,12,159,1,1
118,1,159,0,3
118,2,199,1,1
118,3,187,0,3
118,4,286,1,1
118,5,206,1,2
118,6,261,0,2
118,7,133,1,2
118,8,221,0,1
118,9,191,1,3
118,10,246,1,2
118,11,198,1,3
118,12,250,1,3
119,1,222,1,2
119,2,168,1,1
119,3,177,0,1
119,4,157,1,2
119,5,294,0,2
119,6,124,1,2
119,7,286,0,2
119,8,167,1,1
119,9,188,1,2
119,10,161,0,3
119,11,176,0,3
119,12,188,1,1
120,1,108,1,1
120,2,236,1,1
120,3,209,0,2
120,4,175,0,3
120,5,118,1,2
120,6,180,1,3
120,7,213,0,3
120,8,114,0,2
120,9,157,1,1
120,10,100,0,1
120,11,79,1,2
120,12,0,1,0
121,1,223,1,1
121,2,276,1,2
121,3,288,1,3
121,4,275,1,3
121,5,219,0,3
121,6,197,1,1
121,7,196,1,2
121,8,200,1,2
121,9,246,1,1
121,10,248,0,3
121,11,127,1,2
121,12,235,0,3
122,1,297,1,3
122,2,177,0,1
122,3,158,1,2
122,4,242,1,1
122,5,194,1,2
122,6,221,1,1
122,7,170,1,3
122,8,241,0,1
122,9,200,1,3
122,10,157,1,2
122,11,209,0,3
122,12,214,1,2
123,1,134,1,1
123,2,151,0,1
123,3,237,0,1
123,4,290,1,3
123,5,242,0,3
123,6,210,1,3
123,7,166,1,2
123,8,172,1,2
123,9,168,1,3
123,10,141,0,1
123,11,150,0,3
123,12,226,0,3
124,1,297,0,3
124,2,268,1,3
124,3,189,1,1
124,4,295,0,1
124,5,141,1,2
124,6,271,0,2
124,7,139,1,1
124,8,216,0,3
124,9,275,1,3
124,10,166,1,2
124,11,149,1,3
124,12,225,1,2
125,1,297,1,3
125,2,148,1,1
125,3,283,1,1
125,4,265,1,2
125,5,258,1,1
125,6,128,0,2
125,7,300,0,2
125,8,148,1,1
125,9,194,0,2
125,10,173,1,1
125,11,230,1,1
125,12,152,1,1
126,1,132,0,3
126,2,152,1,1
126,3,237,1,3
126,4,101,1,3
126,5,188,1,1
126,6,161,1,1
126,7,215,1,2
126,8,48,0,0
126,9,96,1,2
126,10,0,1,0
126,11,78,1,3
126,12,54,1,3
127,1,229,1,2
127,2,176,0,1
127,3,208,0,1
127,4,244,1,1
127,5,280,1,2
127,6,238,0,2
127,7,164,1,3
127,8,183,1,1
127,9,184,1,2
127,10,162,1,3
127,11,163,0,1
127,12,179,1,3
128,1,150,0,1
128,2,273,1,2
128,3,177,1,2
128,4,202,0,2
128,5,234,1,2
128,6,242,0,1
128,7,164,1,1
128,8,238,1,2
128,9,145,1,2
128,10,294,1,2
128,11,172,1,2
128,12,195,1,2
129,1,190,1,3
129,2,123,0,2
129,3,92,1,2
129,4,165,0,2
129,5,140,0,2
129,6,162,1,1
129,7,0,1,0
129,8,8,1,0
129,9,0,1,0
129,10,31,1,0
129,11,0,1,0
129,12,0,0,0
130,1,230,0,2
130,2,164,1,3
130,3,246,1,2
130,4,164,0,2
130,5,231,1,1
130,6,299,0,1
130,7,233,1,1
130,8,204,1,1
130,9,216,1,2
130,10,271,0,1
130,11,206,0,1
130,12,290,0,2
131,1,280,0,2
131,2,205,1,2
131,3,265,1,2
131,4,291,1,1
131,5,183,0,1
131,6,199,1,2
131,7,231,1,2
131,8,205,1,1
131,9,215,1,2
131,10,300,0,1
131,11,215,0,3
131,12,126,1,3
132,1,167,0,3
132,2,248,1,1
132,3,126,1,2
132,4,237,0,3
132,5,207,1,1
132,6,189,1,2
132,7,260,1,3
132,8,240,1,1
132,9,157,0,2
132,10,224,0,2
132,11,205,0,3
132,12,262,1,3
133,1,225,1,3
133,2,292,0,2
133,3,182,1,1
133,4,228,1,1
133,5,258,0,1
133,6,195,1,2
133,7,234,0,1
133,8,179,0,3
133,9,173,1,2
133,10,273,1,1
133,11,266,1,3
133,12,243,1,2
134,1,277,0,3
134,2,268,0,3
134,3,284,1,3
134,4,226,0,1
134,5,176,0,2
134,6,188,1,3
134,7,184,1,3
134,8,149,1,1
134,9,121,1,1
134,10,219,1,2
134,11,219,1,2
134,12,206,1,3
135,1,255,1,3
135,2,205,1,3
135,3,142,1,2
135,4,243,0,3
135,5,135,1,2
135,6,219,0,1
135,7,254,1,3
135,8,155,1,1
135,9,286,1,2
135,10,152,1,3
135,11,127,1,2
135,12,169,1,2
136,1,217,1,2
136,2,263,1,1
136,3,293,1,1
136,4,199,1,3
136,5,141,0,1
136,6,128,1,3
136,7,210,1,1
136,8,207,1,3
136,9,132,0,1
136,10,136,1,3
136,11,217,0,2
136,12,202,1,3
137,1,201,1,1
137,2,209,1,1
137,3,141,1,2
137,4,218,1,1
137,5,101,0,1
137,6,165,1,2
137,7,57,1,1
137,8,158,0,3
137,9,162,0,3
137,10,122,0,3
137,11,10,1,0
137,12,0,0,0
138,1,194,1,3
138,2,132,1,1
138,3,289,1,2
138,4,187,1,3
138,5,254,1,2
138,6,120,1,3
138,7,182,0,1
138,8,276,1,1
138,9,158,1,2
138,10,181,0,2
138,11,277,1,1
138,12,277,1,1
139,1,172,0,3
139,2,280,1,2
139,3,210,1,3
139,4,208,0,3
139,5,288,1,2
139,6,134,1,2
139,7,242,1,2
139,8,269,0,3
139,9,127,0,2
139,10,167,1,3
139,11,251,0,1
139,12,254,1,2
140,1,199,1,2
140,2,190,0,2
140,3,211,1,2
140,4,265,1,2
140,5,199,1,3
140,6,251,0,3
140,7,212,1,3
140,8,158,0,2
140,9,164,1,3
140,10,201,1,1
140,11,156,1,1
140,12,270,1,1
141,1,223,1,2
141,2,135,1,3
141,3,121,1,2
141,4,121,1,1
141,5,151,1,2
141,6,247,1,3
141,7,230,1,3
141,8,132,1,2
141,9,143,1,1
141,10,234,0,2
141,11,294,0,3
141,12,161,0,3
142,1,164,1,2
142,2,219,1,3
142,3,285,1,3
142,4,237,1,3
142,5,299,0,1
142,6,161,1,2
142,7,136,1,1
142,8,272,1,3
142,9,191,1,2
142,10,250,1,1
142,11,186,1,2
142,12,281,1,3
143,1,153,1,3
143,2,235,0,2
143,3,144,1,1
143,4,112,0,3
143,5,144,1,3
143,6,59,1,2
143,7,134,1,1
143,8,111,1,1
143,9,17,1,0
143,10,127,1,1
143,11,0,1,0
143,12,143,1,1
144,1,277,1,1
144,2,125,1,3
144,3,202,1,2
144,4,128,0,1
144,5,239,1,2
144,6,278,1,1
144,7,127,1,2
144,8,215,1,2
144,9,267,1,2
144,10,184,0,1
144,11,141,1,2
144,12,287,0,1
145,1,264,1,3
145,2,141,1,3
145,3,238,1,1
145,4,165,1,2
145,5,123,1,2
145,6,158,1,3
145,7,178,0,3
145,8,224,0,3
145,9,176,1,2
145,10,226,1,3
145,11,195,0,2
145,12,183,0,1
146,1,280,1,3
146,2,135,0,1
146,3,167,0,3
146,4,285,1,3
146,5,161,1,3
146,6,177,1,3
146,7,265,1,2
146,8,243,1,3
146,9,145,1,3
146,10,272,0,2
146,11,271,0,1
146,12,161,1,1
147,1,176,1,3
147,2,134,1,2
147,3,125,1,3
147,4,135,0,1
147,5,192,1,3
147,6,244,1,2
147,7,131,1,2
147,8,175,1,2
147,9,240,1,2
147,10,172,0,1
147,11,259,1,2
147,12,211,1,1
148,1,211,1,2
148,2,131,1,3
148,3,221,1,3
148,4,200,1,2
148,5,154,1,2
148,6,268,0,2
148,7,133,1,2
148,8,231,1,3
148,9,213,1,2
148,10,122,1,1
148,11,179,1,3
148,12,296,1,1
149,1,202,1,3
149,2,227,1,1
149,3,162,1,2
149,4,155,1,1
149,5,54,1,3
149,6,155,0,3
149,7,64,1,1
149,8,100,1,2
149,9,130,1,1
149,10,127,1,2
149,11,0,0,0
149,12,73,0,3
150,1,279,1,3
150,2,150,1,1
150,3,160,1,2
150,4,242,1,2
150,5,297,1,1
150,6,136,1,2
150,7,252,1,3
150,8,144,0,1
150,9,127,1,2
150,10,294,1,1
150,11,263,1,1
150,12,294,1,3
151,1,184,1,3
151,2,195,1,3
151,3,161,1,3
151,4,249,0,2
151,5,254,1,1
151,6,143,0,2
151,7,270,1,2
151,8,224,1,3
151,9,276,1,1
151,10,251,1,1
151,11,170,1,1
151,12,241,0,3
152,1,144,0,2
152,2,222,1,3
152,3,138,1,3
152,4,265,1,1
152,5,237,0,3
152,6,242,1,1
152,7,232,0,1
152,8,34,1,0
152,9,15,1,0
152,10,32,1,0
152,11,31,1,0
152,12,38,0,0
153,1,189,1,3
153,2,202,1,2
153,3,236,1,2
153,4,149,1,3
153,5,164,0,1
153,6,146,0,3
153,7,267,1,3
153,8,278,1,1
153,9,228,1,2
153,10,129,0,2
153,11,183,0,2
153,12,162,1,2
154,1,109,1,2
154,2,202,0,2
154,3,242,0,1
154,4,138,1,3
154,5,158,0,3
154,6,134,1,2
154,7,129,0,1
154,8,16,1,0
154,9,170,0,2
154,10,112,0,3
154,11,0,1,0
154,12,21,0,0
155,1,277,1,1
155,2,253,1,3
155,3,181,1,3
155,4,294,0,2
155,5,181,1,1
155,6,202,1,3
155,7,181,1,1
155,8,268,0,2
155,9,218,1,1
155,10,205,1,2
155,11,147,1,3
155,12,120,1,3
156,1,189,1,2
156,2,155,1,1
156,3,264,1,1
156,4,101,1,1
156,5,193,1,1
156,6,131,1,3
156,7,48,1,0
156,8,3,1,0
156,9,134,1,3
156,10,117,1,1
156,11,188,0,3
156,12,119,1,2
157,1,295,1,3
157,2,180,1,2
157,3,160,1,1
157,4,191,1,1
157,5,227,1,3
157,6,285,1,2
157,7,184,1,3
157,8,223,1,3
157,9,278,1,1
157,10,200,1,3
157,11,135,1,2
157,12,293,1,2
158,1,143,1,3
158,2,189,1,2
158,3,281,1,1
158,4,122,1,3
158,5,206,1,3
158,6,148,1,3
158,7,245,0,1
158,8,225,1,3
158,9,267,0,3
158,10,143,0,2
158,11,213,1,2
158,12,222,1,1
159,1,277,1,2
159,2,262,0,2
159,3,226,0,2
159,4,206,0,1
159,5,150,1,1
159,6,144,1,2
159,7,236,0,1
159,8,280,1,2
159,9,240,1,1
159,10,130,1,3
159,11,229,1,1
159,12,225,0,2
160,1,149,0,1
160,2,209,0,3
160,3,155,1,1
160,4,136,1,1
160,5,269,1,2
160,6,285,0,2
160,7,292,0,2
160,8,125,1,1
160,9,233,1,1
160,10,186,1,3
160,11,152,0,3
160,12,173,1,1
161,1,248,1,3
161,2,261,0,1
161,3,159,1,3
161,4,177,0,2
161,5,232,1,1
161,6,243,1,3
161,7,251,1,1
161,8,225,1,3
161,9,121,0,2
161,10,268,1,3
161,11,226,1,2
161,12,197,1,2
162,1,295,1,3
162,2,162,0,1
162,3,168,1,1
162,4,197,1,3
162,5,274,1,3
162,6,263,0,2
162,7,162,0,3
162,8,126,1,3
162,9,252,1,1
162,10,154,1,2
162,11,284,1,1
162,12,247,1,1
163,1,228,1,2
163,2,207,1,2
163,3,144,0,1
163,4,127,1,1
163,5,188,1,2
163,6,224,1,3
163,7,159,0,3
163,8,285,1,3
163,9,144,1,3
163,10,156,1,2
163,11,154,1,3
163,12,222,0,2
164,1,134,1,3
164,2,295,1,1
164,3,230,1,2
164,4,278,1,3
164,5,268,1,3
164,6,256,1,3
164,7,225,0,2
164,8,1,1,0
164,9,12,1,0
164,10,18,1,0
164,11,31,1,0
164,12,28,1,0
165,1,269,0,3
165,2,218,0,2
165,3,120,0,3
165,4,284,1,1
165,5,270,1,1
165,6,188,1,1
165,7,166,1,3
165,8,132,0,3
165,9,287,0,2
165,10,260,0,2
165,11,283,1,2
165,12,198,1,1
166,1,229,0,3
166,2,249,1,2
166,3,275,0,3
166,4,138,1,3
166,5,253,1,2
166,6,212,1,3
166,7,254,1,2
166,8,274,1,2
166,9,293,1,2
166,10,207,1,2
166,11,137,0,2
166,12,223,1,3
167,1,122,1,1
167,2,227,0,2
167,3,286,0,3
167,4,282,1,3
167,5,294,1,2
167,6,299,1,2
167,7,186,0,1
167,8,189,1,1
167,9,137,1,2
167,10,133,1,2
167,11,296,0,1
167,12,255,1,1
168,1,127,1,1
168,2,235,0,3
168,3,131,1,1
168,4,160,0,3
168,5,294,0,1
168,6,208,0,1
168,7,216,1,3
168,8,186,0,2
168,9,194,0,3
168,10,210,0,1
168,11,215,0,2
168,12,125,1,3
169,1,189,1,2
169,2,280,1,1
169,3,288,1,2
169,4,215,1,3
169,5,193,0,1
169,6,288,1,1
169,7,189,1,3
169,8,186,0,2
169,9,185,0,2
169,10,266,1,1
169,11,185,1,3
169,12,293,1,1
170,1,156,1,1
170,2,123,1,1
170,3,96,0,3
170,4,150,1,1
170,5,102,1,2
170,6,28,1,0
170,7,163,1,2
170,8,133,1,2
170,9,34,0,0
170,10,68,0,2
170,11,129,1,1
170,12,110,0,3
171,1,204,1,3
171,2,257,1,1
171,3,211,1,1
171,4,163,1,3
171,5,180,1,3
171,6,225,1,3
171,7,230,1,2
171,8,244,1,3
171,9,219,1,1
171,10,144,1,2
171,11,267,0,2
171,12,254,1,3
172,1,283,1,3
172,2,131,0,2
172,3,151,0,3
172,4,198,0,2
172,5,139,1,3
172,6,257,1,1
172,7,222,1,2
172,8,123,1,1
172,9,258,0,3
172,10,202,0,2
172,11,299,1,3
172,12,298,1,3
173,1,160,1,3
173,2,172,1,1
173,3,132,1,1
173,4,164,1,3
173,5,215,1,3
173,6,156,1,2
173,7,167,1,3
173,8,8,1,0
173,9,28,1,0
173,10,0,1,0
173,11,7,1,0
173,12,2,1,0
174,1,116,0,2
174,2,180,0,1
174,3,104,1,3
174,4,151,0,1
174,5,176,1,2
174,6,203,1,1
174,7,92,0,1
174,8,133,1,1
174,9,142,1,3
174,10,31,1,0
174,11,0,1,0
174,12,91,1,1
175,1,178,1,3
175,2,104,1,3
175,3,95,0,3
175,4,192,1,1
175,5,222,0,3
175,6,171,0,1
175,7,84,1,2
175,8,128,1,2
175,9,189,1,2
175,10,0,1,0
175,11,148,1,2
175,12,0,1,0
176,1,215,1,2
176,2,227,1,3
176,3,296,1,3
176,4,285,1,1
176,5,163,1,2
176,6,172,1,2
176,7,184,1,1
176,8,287,0,1
176,9,120,1,3
176,10,245,1,3
176,11,248,0,3
176,12,287,0,2
177,1,246,1,3
177,2,144,0,2
177,3,222,1,3
177,4,74,1,2
177,5,221,0,2
177,6,101,1,1
177,7,143,1,3
177,8,162,1,2
177,9,153,1,3
177,10,115,0,3
177,11,0,0,0
177,12,12,1,0
178,1,179,1,2
178,2,190,1,3
178,3,297,0,1
178,4,125,1,2
178,5,196,1,3
178,6,148,0,1
178,7,156,1,2
178,8,25,1,0
178,9,1,1,0
178,10,15,0,0
178,11,10,0,0
178,12,9,0,0
179,1,225,0,1
179,2,258,1,3
179,3,139,1,3
179,4,163,1,1
179,5,143,1,1
179,6,153,1,3
179,7,201,1,1
179,8,159,1,2
179,9,133,1,1
179,10,283,0,1
179,11,239,1,2
179,12,128,1,1
180,1,205,1,1
180,2,133,0,2
180,3,275,1,3
180,4,125,0,2
180,5,228,1,3
180,6,261,0,3
180,7,282,1,1
180,8,32,1,0
180,9,5,1,0
180,10,1,1,0
180,11,32,1,0
180,12,31,0,0
181,1,277,0,3
181,2,146,0,3
181,3,277,1,2
181,4,175,1,3
181,5,140,0,2
181,6,132,0,1
181,7,125,1,1
181,8,210,1,2
181,9,141,1,2
181,10,211,0,3
181,11,294,0,2
181,12,244,0,2
182,1,133,1,3
182,2,183,1,3
182,3,233,0,3
182,4,224,1,2
182,5,213,1,1
182,6,175,0,2
182,7,185,1,3
182,8,246,1,2
182,9,263,1,2
182,10,142,1,1
182,11,174,1,2
182,12,198,0,1
183,1,225,1,1
183,2,258,0,1
183,3,147,0,1
183,4,173,1,2
183,5,142,1,1
183,6,185,1,1
183,7,143,0,3
183,8,233,1,2
183,9,123,1,3
183,10,152,1,2
183,11,274,0,3
183,12,209,1,1
184,1,147,1,1
184,2,228,1,2
184,3,223,1,2
184,4,152,1,3
184,5,165,1,3
184,6,201,1,3
184,7,280,0,1
184,8,125,1,2
184,9,289,1,2
184,10,260,1,2
184,11,171,1,3
184,12,213,1,3
185,1,295,1,2
185,2,128,1,2
185,3,140,1,3
185,4,227,1,3
185,5,156,1,3
185,6,265,0,2
185,7,261,1,3
185,8,165,0,3
185,9,259,0,3
185,10,272,1,3
185,11,215,1,2
185,12,271,1,1
186,1,255,1,2
186,2,242,1,3
186,3,154,1,3
186,4,166,1,1
186,5,263,1,3
186,6,131,1,1
186,7,187,1,1
186,8,188,1,3
186,9,186,0,1
186,10,239,1,1
186,11,266,1,3
186,12,143,1,3
187,1,254,1,2
187,2,235,1,3
187,3,293,1,3
187,4,208,1,1
187,5,269,1,1
187,6,147,1,3
187,7,287,1,3
187,8,144,1,3
187,9,271,0,1
187,10,298,0,1
187,11,215,1,2
187,12,262,0,1
188,1,157,0,1
188,2,270,1,3
188,3,239,1,3
188,4,141,1,1
188,5,280,1,3
188,6,227,1,1
188,7,187,0,3
188,8,154,1,1
188,9,146,1,3
188,10,279,0,1
188,11,122,1,3
188,12,300,1,1
189,1,123,1,3
189,2,264,1,2
189,3,150,1,3
189,4,178,1,2
189,5,136,1,1
189,6,186,1,3
189,7,265,0,3
189,8,234,1,2
189,9,256,0,3
189,10,189,1,3
189,11,178,0,3
189,12,269,1,2
190,1,208,1,1
190,2,132,1,2
190,3,258,0,3
190,4,156,0,3
190,5,204,0,1
190,6,170,1,3
190,7,161,1,2
190,8,187,0,2
190,9,266,0,2
190,10,245,0,3
190,11,162,1,1
190,12,248,1,3
191,1,139,1,3
191,2,239,1,3
191,3,81,1,3
191,4,64,1,3
191,5,163,1,3
191,6,56,1,2
191,7,84,1,1
191,8,106,1,3
191,9,60,0,3
191,10,41,0,0
191,11,52,1,3
191,12,62,0,3
192,1,259,0,3
192,2,150,0,1
192,3,154,1,2
192,4,168,1,1
192,5,163,0,2
192,6,291,1,2
192,7,286,0,3
192,8,295,1,1
192,9,235,1,3
192,10,178,1,1
192,11,165,1,2
192,12,265,1,3
193,1,172,1,1
193,2,166,1,3
193,3,222,1,3
193,4,296,1,1
193,5,261,1,3
193,6,277,0,2
193,7,296,0,3
193,8,22,1,0
193,9,19,0,0
193,10,5,0,0
193,11,6,0,0
193,12,2,1,0
194,1,239,1,2
194,2,228,1,1
194,3,277,0,3
194,4,236,1,1
194,5,215,0,1
194,6,250,1,2
194,7,296,1,3
194,8,282,1,1
194,9,251,1,1
194,10,146,1,1
194,11,196,1,3
194,12,287,1,3
195,1,271,1,1
195,2,182,0,2
195,3,78,1,3
195,4,88,1,1
195,5,140,1,3
195,6,74,1,1
195,7,162,1,2
195,8,160,1,2
195,9,0,0,0
195,10,0,0,0
195,11,100,1,2
195,12,0,0,0
196,1,137,1,3
196,2,166,1,1
196,3,136,1,1
196,4,154,1,3
196,5,280,1,2
196,6,277,1,3
196,7,161,1,3
196,8,154,0,2
196,9,206,1,1
196,10,154,1,3
196,11,189,1,1
196,12,236,1,2
197,1,203,1,2
197,2,248,1,2
197,3,162,1,1
197,4,227,1,2
197,5,197,1,3
197,6,268,1,2
197,7,227,1,1
197,8,174,1,2
197,9,271,0,1
197,10,290,1,3
197,11,200,1,2
197,12,288,0,3
198,1,128,1,2
198,2,179,1,3
198,3,172,1,2
198,4,300,1,3
198,5,132,0,2
198,6,237,1,1
198,7,224,1,1
198,8,228,1,3
198,9,147,1,2
198,10,231,1,1
198,11,267,1,3
198,12,265,1,1
199,1,177,1,3
199,2,188,1,3
199,3,243,1,3
199,4,276,1,3
199,5,154,1,1
199,6,194,1,1
199,7,144,1,1
199,8,209,1,1
199,9,149,0,3
199,10,125,1,2
199,11,288,0,1
199,12,246,0,1
200,1,145,1,2
200,2,197,1,1
200,3,172,1,3
200,4,269,1,2
200,5,222,0,3
200,6,257,1,2
200,7,223,0,3
200,8,134,1,2
200,9,280,1,3
200,10,184,1,1
200,11,240,1,2
200,12,267,1,2
201,1,271,1,3
201,2,146,1,2
201,3,126,0,2
201,4,154,0,3
201,5,266,1,3
201,6,120,1,3
201,7,217,1,1
201,8,238,1,1
201,9,158,0,1
201,10,182,1,2
201,11,259,0,3
201,12,175,1,2
202,1,289,1,2
202,2,213,1,1
202,3,217,1,1
202,4,300,1,2
202,5,141,0,3
202,6,239,0,3
202,7,220,1,3
202,8,186,1,1
202,9,140,1,2
202,10,201,0,3
202,11,146,0,1
202,12,124,1,3
203,1,132,1,2
203,2,270,1,3
203,3,198,1,3
203,4,232,1,1
203,5,247,0,2
203,6,149,1,1
203,7,187,1,1
203,8,245,1,3
203,9,226,1,3
203,10,140,1,1
203,11,165,1,3
203,12,166,1,2
204,1,215,1,1
204,2,267,1,2
204,3,174,1,2
204,4,142,0,1
204,5,282,1,3
204,6,188,1,3
204,7,185,1,2
204,8,264,1,2
204,9,130,1,1
204,10,137,1,1
204,11,157,1,2
204,12,163,1,1
205,1,221,1,3
205,2,248,0,1
205,3,286,1,1
205,4,162,0,1
205,5,182,0,2
205,6,172,1,3
205,7,253,0,3
205,8,292,0,1
205,9,274,1,1
205,10,235,0,1
205,11,164,1,1
205,12,176,1,3
206,1,152,1,2
206,2,141,1,1
206,3,249,1,2
206,4,187,0,1
206,5,283,0,2
206,6,270,1,1
206,7,180,1,2
206,8,120,1,1
206,9,173,1,2
206,10,250,1,1
206,11,196,1,2
206,12,200,0,3
207,1,121,0,1
207,2,179,1,3
207,3,299,1,1
207,4,140,1,1
207,5,142,1,1
207,6,289,1,2
207,7,210,0,2
207,8,228,0,2
207,9,277,1,1
207,10,285,0,1
207,11,210,1,2
207,12,288,1,1
208,1,272,1,3
208,2,246,1,1
208,3,191,1,1
208,4,142,1,2
208,5,176,1,1
208,6,150,0,1
208,7,244,1,2
208,8,129,0,3
208,9,285,1,2
208,10,239,1,1
208,11,144,1,1
208,12,148,0,3
209,1,229,1,3
209,2,186,1,2
209,3,182,1,2
209,4,207,1,1
209,5,253,1,2
209,6,171,1,2
209,7,176,1,2
209,8,161,1,1
209,9,136,1,1
209,10,123,1,2
209,11,131,1,1
209,12,229,1,2
210,1,197,0,3
210,2,154,1,2
210,3,122,1,3
210,4,188,0,3
210,5,230,1,2
210,6,147,1,3
210,7,222,1,1
210,8,188,1,2
210,9,137,1,3
210,10,261,1,2
210,11,130,1,3
210,12,235,0,1
211,1,261,1,3
211,2,164,1,3
211,3,271,1,2
211,4,248,0,1
211,5,128,1,1
211,6,184,1,1
211,7,183,1,3
211,8,125,0,3
211,9,212,1,2
211,10,253,1,2
211,11,268,1,3
211,12,268,1,1
212,1,144,1,1
212,2,274,1,1
212,3,289,1,3
212,4,232,1,2
212,5,201,1,2
212,6,204,1,1
212,7,155,1,3
212,8,140,1,1
212,9,137,0,3
212,10,199,1,3
212,11,237,0,2
212,12,180,0,1
213,1,251,1,2
213,2,230,1,3
213,3,96,1,3
213,4,70,1,3
213,5,170,1,3
213,6,226,0,2
213,7,122,0,3
213,8,48,0,0
213,9,127,1,1
213,10,72,1,1
213,11,0,1,0
213,12,27,1,0
214,1,246,1,3
214,2,288,0,3
214,3,181,1,2
214,4,266,1,2
214,5,227,1,3
214,6,200,0,3
214,7,262,1,3
214,8,8,0,0
214,9,24,0,0
214,10,40,1,0
214,11,38,1,0
214,12,11,0,0
215,1,166,0,2
215,2,164,1,3
215,3,187,1,1
215,4,246,0,3
215,5,239,1,3
215,6,135,0,3
215,7,296,1,1
215,8,213,1,3
215,9,181,1,2
215,10,148,0,2
215,11,227,1,3
215,12,193,0,1
216,1,241,0,3
216,2,148,1,3
216,3,191,1,2
216,4,185,1,2
216,5,191,0,2
216,6,130,1,2
216,7,152,1,3
216,8,216,1,2
216,9,213,1,3
216,10,236,0,3
216,11,167,0,2
216,12,248,1,2
217,1,240,0,1
217,2,200,1,3
217,3,147,1,3
217,4,149,1,3
217,5,163,1,1
217,6,275,1,3
217,7,203,1,1
217,8,225,1,3
217,9,188,1,3
217,10,289,1,1
217,11,185,1,3
217,12,182,0,1
218,1,223,1,3
218,2,240,0,2
218,3,169,1,3
218,4,193,1,3
218,5,120,1,1
218,6,108,1,3
218,7,88,1,1
218,8,125,0,1
218,9,122,1,3
218,10,85,0,2
218,11,161,1,3
218,12,0,0,0
219,1,149,1,3
219,2,163,1,3
219,3,122,1,1
219,4,213,1,3
219,5,193,1,3
219,6,271,1,3
219,7,150,1,2
219,8,202,1,1
219,9,250,0,1
219,10,157,1,1
219,11,155,1,1
219,12,239,0,3
220,1,175,1,2
220,2,132,1,3
220,3,207,1,1
220,4,159,1,3
220,5,257,1,1
220,6,288,1,3
220,7,293,0,2
220,8,212,1,1
220,9,280,1,2
220,10,226,1,2
220,11,151,1,1
220,12,211,0,1
221,1,169,0,2
221,2,186,1,2
221,3,234,1,1
221,4,159,1,3
221,5,134,1,3
221,6,227,1,3
221,7,202,0,1
221,8,281,1,2
221,9,253,1,3
221,10,255,1,1
221,11,184,1,1
221,12,177,1,1
222,1,286,0,3
222,2,282,1,1
222,3,246,1,2
222,4,247,1,1
222,5,218,1,3
222,6,188,1,2
222,7,241,0,2
222,8,37,1,0
222,9,16,1,0
222,10,21,1,0
222,11,36,1,0
222,12,29,1,0
223,1,141,1,3
223,2,155,1,3
223,3,298,1,1
223,4,199,0,1
223,5,225,1,3
223,6,188,1,2
223,7,287,1,1
223,8,256,1,3
223,9,269,0,1
223,10,224,1,3
223,11,257,1,2
223,12,289,1,3
224,1,187,0,1
224,2,124,1,1
224,3,281,1,3
224,4,147,1,1
224,5,283,1,1
224,6,297,0,3
224,7,246,0,2
224,8,201,1,1
224,9,161,0,2
224,10,270,1,3
224,11,298,1,3
224,12,199,1,3
225,1,278,1,3
225,2,204,1,1
225,3,159,0,3
225,4,191,1,2
225,5,272,1,3
225,6,173,1,3
225,7,187,1,2
225,8,232,1,2
225,9,262,1,3
225,10,201,0,3
225,11,192,1,1
225,12,157,0,3
226,1,160,1,1
226,2,290,1,2
226,3,268,0,2
226,4,229,1,3
226,5,182,1,3
226,6,252,1,2
226,7,227,1,3
226,8,155,1,2
226,9,159,1,1
226,10,285,0,1
226,11,168,0,2
226,12,142,0,2
227,1,120,1,3
227,2,180,0,3
227,3,180,0,3
227,4,205,1,1
227,5,214,1,3
227,6,254,1,2
227,7,260,0,1
227,8,163,1,3
227,9,276,1,3
227,10,153,0,2
227,11,172,1,3
227,12,251,1,2
228,1,218,1,3
228,2,201,1,2
228,3,244,0,3
228,4,126,1,2
228,5,156,1,3
228,6,282,0,3
228,7,146,1,3
228,8,212,1,2
228,9,146,1,3
228,10,244,1,3
228,11,192,1,2
228,12,121,0,3
229,1,158,0,1
229,2,155,1,2
229,3,200,1,2
229,4,261,0,3
229,5,145,1,1
229,6,184,1,1
229,7,127,1,2
229,8,208,0,3
229,9,227,0,1
229,10,254,1,3
229,11,205,1,1
229,12,246,0,3
230,1,153,1,2
230,2,153,1,2
230,3,261,1,1
230,4,144,1,2
230,5,264,0,3
230,6,125,1,1
230,7,225,1,1
230,8,233,1,2
230,9,185,1,1
230,10,165,1,2
230,11,232,0,1
230,12,238,0,3
231,1,252,1,2
231,2,147,0,1
231,3,76,0,2
231,4,72,1,2
231,5,135,1,3
231,6,187,0,3
231,7,122,1,2
231,8,111,0,3
231,9,0,1,0
231,10,0,1,0
231,11,112,1,3
231,12,89,1,1
232,1,139,0,1
232,2,287,1,2
232,3,143,1,2
232,4,208,0,3
232,5,247,1,3
232,6,227,1,1
232,7,166,1,3
232,8,158,1,2
232,9,152,1,2
232,10,261,1,2
232,11,242,1,1
232,12,158,1,1
233,1,135,1,3
233,2,159,1,2
233,3,198,1,2
233,4,152,0,2
233,5,180,1,3
233,6,257,0,1
233,7,270,1,3
233,8,194,0,1
233,9,128,1,1
233,10,262,1,1
233,11,242,0,1
233,12,297,0,3
234,1,130,1,2
234,2,210,1,2
234,3,241,1,2
234,4,128,1,3
234,5,200,0,2
234,6,133,0,2
234,7,217,1,3
234,8,273,1,3
234,9,233,1,1
234,10,125,1,2
234,11,263,1,3
234,12,273,0,1
235,1,264,1,3
235,2,224,1,3
235,3,186,1,2
235,4,80,1,1
235,5,143,1,1
235,6,19,1,0
235,7,118,1,2
235,8,69,0,2
235,9,163,1,3
235,10,41,0,0
235,11,15,1,0
235,12,0,1,0
236,1,245,1,2
236,2,201,1,1
236,3,225,1,3
236,4,216,1,3
236,5,235,1,3
236,6,286,0,1
236,7,189,1,3
236,8,149,0,2
236,9,147,1,2
236,10,194,1,3
236,11,208,1,3
236,12,192,0,1
237,1,212,1,1
237,2,259,0,1
237,3,261,1,2
237,4,262,0,2
237,5,226,1,2
237,6,162,1,3
237,7,252,0,2
237,8,161,1,2
237,9,148,1,3
237,10,150,1,1
237,11,173,0,2
237,12,288,1,1
238,1,210,1,1
238,2,230,0,1
238,3,89,1,3
238,4,111,0,2
238,5,160,1,3
238,6,182,1,3
238,7,157,1,1
238,8,0,1,0
238,9,124,0,3
238,10,177,0,2
238,11,0,1,0
238,12,0,1,0
239,1,151,1,2
239,2,243,1,1
239,3,293,1,1
239,4,248,1,1
239,5,265,0,2
239,6,294,1,3
239,7,245,0,3
239,8,195,1,3
239,9,213,1,3
239,10,208,0,3
239,11,184,1,2
239,12,292,0,3
240,1,204,1,2
240,2,213,1,1
240,3,137,1,3
240,4,155,1,1
240,5,258,0,1
240,6,162,1,1
240,7,263,0,1
240,8,20,1,0
240,9,24,1,0
240,10,38,1,0
240,11,31,0,0
240,12,22,0,0
241,1,263,1,1
241,2,233,1,3
241,3,239,0,2
241,4,136,1,1
241,5,145,1,2
241,6,218,1,2
241,7,191,0,3
241,8,169,1,2
241,9,145,1,1
241,10,206,1,3
241,11,203,1,1
241,12,250,1,3
242,1,194,1,2
242,2,131,1,2
242,3,142,1,3
242,4,256,1,3
242,5,231,1,3
242,6,226,1,2
242,7,149,1,3
242,8,289,0,1
242,9,257,1,1
242,10,236,0,3
242,11,257,1,3
242,12,187,1,3
243,1,236,1,3
243,2,135,0,3
243,3,236,1,3
243,4,205,1,1
243,5,156,1,3
243,6,172,0,3
243,7,255,1,2
243,8,148,1,2
243,9,251,1,2
243,10,276,1,1
243,11,195,0,1
243,12,228,0,1
244,1,239,0,3
244,2,276,1,2
244,3,128,1,3
244,4,153,1,3
244,5,142,1,1
244,6,181,1,3
244,7,172,0,3
244,8,186,1,2
244,9,181,1,1
244,10,166,1,1
244,11,184,1,2
244,12,129,0,3
245,1,254,1,3
245,2,163,0,2
245,3,152,0,2
245,4,181,0,1
245,5,150,0,1
245,6,157,0,2
245,7,170,1,1
245,8,210,0,2
245,9,170,1,3
245,10,274,1,2
245,11,236,1,2
245,12,248,1,3
246,1,241,1,3
246,2,196,0,2
246,3,226,1,2
246,4,187,1,1
246,5,123,1,1
246,6,86,1,2
246,7,96,1,3
246,8,0,1,0
246,9,100,1,3
246,10,0,0,0
246,11,0,1,0
246,12,0,0,0
247,1,274,0,2
247,2,170,1,3
247,3,94,1,3
247,4,123,0,2
247,5,217,1,1
247,6,112,1,1
247,7,89,1,3
247,8,104,1,3
247,9,0,1,0
247,10,52,1,2
247,11,0,1,0
247,12,0,1,0
248,1,116,1,3
248,2,180,1,1
248,3,192,0,3
248,4,112,0,3
248,5,143,0,2
248,6,129,1,3
248,7,55,0,2
248,8,0,1,0
248,9,43,1,0
248,10,0,1,0
248,11,2,1,0
248,12,61,1,3
249,1,124,1,2
249,2,112,0,3
249,3,146,1,1
249,4,184,1,1
249,5,250,1,1
249,6,28,1,0
249,7,127,1,1
249,8,44,1,0
249,9,62,0,2
249,10,0,0,0
249,11,49,1,0
249,12,0,1,0
250,1,121,0,3
250,2,283,1,3
250,3,277,1,3
250,4,241,1,3
250,5,167,1,3
250,6,239,0,3
250,7,225,1,2
250,8,161,1,3
250,9,239,1,3
250,10,165,1,1
250,11,152,1,3
250,12,274,1,1
251,1,279,0,3
251,2,146,1,1
251,3,268,1,1
251,4,215,1,3
251,5,251,1,2
251,6,193,0,3
251,7,128,0,1
251,8,288,1,1
251,9,269,0,1
251,10,271,1,2
251,11,227,0,3
251,12,192,1,2
252,1,241,0,1
252,2,219,0,1
252,3,176,1,3
252,4,272,1,1
252,5,193,1,2
252,6,226,1,3
252,7,184,1,3
252,8,247,1,2
252,9,150,1,2
252,10,243,1,3
252,11,265,0,2
252,12,269,1,1
253,1,149,0,3
253,2,293,1,1
253,3,222,1,3
253,4,147,1,1
253,5,165,1,1
253,6,251,1,3
253,7,161,0,3
253,8,26,1,0
253,9,6,1,0
253,10,34,1,0
253,11,36,1,0
253,12,23,1,0
254,1,129,1,3
254,2,133,0,2
254,3,248,1,3
254,4,201,0,2
254,5,229,1,1
254,6,256,0,3
254,7,270,1,2
254,8,176,0,3
254,9,242,0,1
254,10,296,0,3
254,11,257,1,1
254,12,274,1,3
255,1,182,1,1
255,2,237,1,1
255,3,241,1,1
255,4,124,1,2
255,5,191,0,3
255,6,275,0,2
255,7,264,1,2
255,8,285,1,2
255,9,147,1,1
255,10,224,1,1
255,11,153,1,2
255,12,285,1,2
256,1,128,1,1
256,2,129,1,3
256,3,234,1,2
256,4,189,1,2
256,5,143,0,1
256,6,297,1,3
256,7,184,1,3
256,8,202,0,1
256,9,231,1,2
256,10,287,1,3
256,11,125,0,2
256,12,172,1,2
257,1,182,1,2
257,2,198,0,1
257,3,145,1,2
257,4,145,1,3
257,5,199,1,3
257,6,236,0,2
257,7,218,1,2
257,8,191,0,3
257,9,269,1,1
257,10,139,0,2
257,11,272,1,2
257,12,265,0,1
258,1,173,1,3
258,2,128,0,2
258,3,165,0,3
258,4,177,1,2
258,5,141,1,2
258,6,267,1,3
258,7,262,0,1
258,8,135,1,1
258,9,176,1,1
258,10,141,1,1
258,11,229,1,3
258,12,222,1,2
259,1,244,1,2
259,2,273,0,3
259,3,151,1,2
259,4,285,1,1
259,5,230,1,2
259,6,179,1,2
259,7,245,1,2
259,8,207,1,2
259,9,276,0,2
259,10,241,1,3
259,11,133,0,3
259,12,131,1,2
260,1,132,1,2
260,2,246,1,2
260,3,272,1,3
260,4,265,1,2
260,5,279,0,1
260,6,238,1,2
260,7,143,0,3
260,8,145,1,3
260,9,275,1,3
260,10,172,1,2
260,11,203,1,3
260,12,124,0,2
261,1,147,1,1
261,2,252,1,2
261,3,286,1,1
261,4,186,1,3
261,5,253,0,1
261,6,212,1,3
261,7,213,0,1
261,8,227,1,3
261,9,209,1,1
261,10,299,0,3
261,11,259,1,2
261,12,243,1,1
262,1,299,1,1
262,2,217,1,1
262,3,122,0,1
262,4,221,1,2
262,5,120,1,3
262,6,184,1,1
262,7,239,0,1
262,8,250,0,3
262,9,230,1,1
262,10,182,1,2
262,11,193,1,3
262,12,144,1,1
263,1,248,0,2
263,2,195,0,2
263,3,158,1,1
263,4,159,1,2
263,5,159,1,2
263,6,235,0,1
263,7,129,1,3
263,8,262,0,1
263,9,289,1,3
263,10,150,1,2
263,11,246,0,1
263,12,182,1,1
264,1,195,0,2
264,2,222,1,2
264,3,217,1,1
264,4,237,1,3
264,5,148,1,3
264,6,225,1,3
264,7,264,1,3
264,8,180,1,1
264,9,158,1,1
264,10,230,1,2
264,11,158,1,3
264,12,140,1,2
265,1,207,1,2
265,2,240,1,1
265,3,284,0,2
265,4,245,0,3
265,5,128,1,2
265,6,172,0,2
265,7,166,0,1
265,8,243,1,2
265,9,125,1,2
265,10,210,1,1
265,11,207,1,3
265,12,198,1,2
266,1,179,1,1
266,2,168,1,3
266,3,297,0,1
266,4,255,1,2
266,5,184,1,1
266,6,211,1,2
266,7,256,0,2
266,8,298,0,2
266,9,295,1,2
266,10,152,1,3
266,11,173,1,1
266,12,286,1,3
267,1,178,0,2
267,2,131,1,3
267,3,184,1,2
267,4,241,1,1
267,5,164,1,1
267,6,248,1,3
267,7,164,1,2
267,8,160,0,1
267,9,269,1,2
267,10,286,1,2
267,11,244,1,2
267,12,153,1,1
268,1,238,1,2
268,2,154,1,3
268,3,216,1,1
268,4,243,0,3
268,5,230,1,2
268,6,182,1,1
268,7,291,1,2
268,8,24,1,0
268,9,12,1,0
268,10,40,0,0
268,11,30,0,0
268,12,10,1,0
269,1,141,1,3
269,2,243,1,2
269,3,212,1,1
269,4,173,1,2
269,5,237,1,3
269,6,281,1,2
269,7,216,1,3
269,8,125,0,2
269,9,275,1,1
269,10,240,1,3
269,11,279,1,3
269,12,140,0,1
270,1,277,1,3
270,2,199,1,3
270,3,138,1,2
270,4,171,1,2
270,5,139,1,1
270,6,120,0,3
270,7,200,1,2
270,8,125,1,1
270,9,259,1,1
270,10,142,0,2
270,11,244,1,3
270,12,173,1,1
271,1,207,1,2
271,2,196,0,2
271,3,149,1,2
271,4,231,0,1
271,5,93,1,3
271,6,74,0,3
271,7,156,1,1
271,8,25,1,0
271,9,93,1,1
271,10,0,1,0
271,11,99,0,2
271,12,0,1,0
272,1,150,0,1
272,2,152,1,2
272,3,204,1,3
272,4,222,1,2
272,5,216,1,2
272,6,278,0,1
272,7,132,1,2
272,8,244,1,1
272,9,148,1,3
272,10,227,1,1
272,11,229,1,1
272,12,121,1,3
273,1,223,1,2
273,2,182,0,2
273,3,275,1,2
273,4,187,1,3
273,5,213,1,1
273,6,161,1,2
273,7,166,0,2
273,8,211,1,3
273,9,190,1,2
273,10,235,1,3
273,11,201,1,1
273,12,130,0,2
274,1,197,0,1
274,2,127,1,2
274,3,163,1,3
274,4,234,1,3
274,5,235,1,3
274,6,128,1,3
274,7,159,1,1
274,8,293,1,1
274,9,251,1,3
274,10,258,1,1
274,11,257,1,2
274,12,174,1,2
275,1,150,1,3
275,2,268,1,3
275,3,192,1,2
275,4,165,1,2
275,5,160,1,3
275,6,198,1,3
275,7,170,1,1
275,8,204,0,1
275,9,135,1,1
275,10,175,0,3
275,11,224,1,3
275,12,241,1,2
276,1,263,1,2
276,2,195,0,2
276,3,220,1,1
276,4,180,1,2
276,5,207,1,2
276,6,233,1,3
276,7,165,1,2
276,8,260,1,2
276,9,269,0,1
276,10,284,1,2
276,11,186,1,1
276,12,193,1,1
277,1,160,1,2
277,2,185,1,2
277,3,278,1,3
277,4,208,1,1
277,5,184,1,1
277,6,147,1,2
277,7,221,1,3
277,8,223,0,2
277,9,261,0,3
277,10,254,1,2
277,11,271,1,3
277,12,285,1,1
278,1,196,0,1
278,2,153,0,2
278,3,207,1,3
278,4,154,0,3
278,5,149,1,3
278,6,278,0,3
278,7,183,1,3
278,8,278,1,2
278,9,236,0,1
278,10,149,1,1
278,11,261,1,2
278,12,232,1,2
279,1,231,1,3
279,2,257,0,1
279,3,256,1,2
279,4,215,1,2
279,5,169,1,2
279,6,127,1,2
279,7,162,1,2
279,8,165,0,3
279,9,126,1,2
279,10,248,1,2
279,11,214,1,2
279,12,136,1,2
280,1,247,0,1
280,2,152,1,3
280,3,201,1,1
280,4,275,0,3
280,5,131,1,3
280,6,239,0,1
280,7,188,1,3
280,8,272,1,3
280,9,202,1,3
280,10,123,0,3
280,11,283,1,1
280,12,179,1,3
281,1,243,1,1
281,2,289,0,2
281,3,298,1,2
281,4,138,1,2
281,5,169,0,2
281,6,169,1,1
281,7,209,1,3
281,8,277,1,2
281,9,263,0,2
281,10,284,1,2
281,11,289,1,1
281,12,174,1,1
282,1,219,0,1
282,2,223,0,1
282,3,270,1,1
282,4,240,1,3
282,5,129,1,3
282,6,135,0,2
282,7,122,1,3
282,8,38,0,0
282,9,39,0,0
282,10,7,1,0
282,11,34,1,0
282,12,7,1,0
283,1,207,1,3
283,2,254,1,1
283,3,259,1,1
283,4,231,1,2
283,5,158,0,2
283,6,159,0,1
283,7,179,0,3
283,8,226,1,1
283,9,173,1,2
283,10,216,0,1
283,11,238,0,1
283,12,166,1,2
284,1,144,1,1
284,2,188,0,2
284,3,254,1,3
284,4,177,1,3
284,5,267,1,1
284,6,258,1,1
284,7,188,1,3
284,8,269,1,3
284,9,243,1,1
284,10,232,1,2
284,11,138,1,2
284,12,195,1,2
285,1,108,0,1
285,2,237,1,2
285,3,254,1,3
285,4,118,0,1
285,5,49,1,0
285,6,129,1,3
285,7,76,0,1
285,8,31,1,0
285,9,87,1,2
285,10,4,1,0
285,11,21,1,0
285,12,157,1,3
286,1,197,0,2
286,2,214,1,2
286,3,201,0,3
286,4,152,1,1
286,5,184,0,2
286,6,196,1,2
286,7,174,1,3
286,8,189,1,1
286,9,128,0,1
286,10,148,1,3
286,11,123,1,2
286,12,295,0,3
287,1,231,0,2
287,2,103,1,3
287,3,102,0,2
287,4,211,1,1
287,5,165,0,3
287,6,82,1,1
287,7,189,1,1
287,8,89,1,2
287,9,49,1,0
287,10,15,1,0
287,11,131,1,1
287,12,113,1,3
288,1,168,0,1
288,2,260,1,2
288,3,97,1,1
288,4,186,1,2
288,5,37,1,0
288,6,149,1,1
288,7,63,1,3
288,8,28,1,0
288,9,116,1,2
288,10,101,0,2
288,11,41,1,0
288,12,0,0,0
289,1,236,1,3
289,2,184,1,2
289,3,246,1,1
289,4,153,0,3
289,5,251,1,3
289,6,231,1,1
289,7,139,1,3
289,8,260,1,3
289,9,185,1,3
289,10,268,0,2
289,11,134,1,3
289,12,214,1,3
290,1,275,1,2
290,2,290,0,1
290,3,207,1,1
290,4,194,1,3
290,5,299,0,1
290,6,188,1,2
290,7,177,0,3
290,8,4,0,0
290,9,40,1,0
290,10,25,1,0
290,11,25,1,0
290,12,12,1,0
291,1,195,1,2
291,2,220,1,3
291,3,140,0,1
291,4,256,1,2
291,5,174,1,3
291,6,215,0,3
291,7,241,1,2
291,8,212,1,3
291,9,138,1,3
291,10,272,1,2
291,11,259,1,2
291,12,186,0,2
292,1,257,1,3
292,2,240,1,1
292,3,86,1,1
292,4,236,1,1
292,5,192,1,1
292,6,111,1,1
292,7,123,1,3
292,8,157,1,3
292,9,0,0,0
292,10,82,0,2
292,11,169,1,2
292,12,0,1,0
293,1,207,1,1
293,2,260,1,1
293,3,285,1,2
293,4,259,1,1
293,5,190,1,1
293,6,207,1,3
293,7,182,1,3
293,8,280,0,3
293,9,189,1,2
293,10,219,1,2
293,11,245,1,3
293,12,135,1,3
294,1,233,0,2
294,2,158,1,1
294,3,189,1,1
294,4,162,0,2
294,5,275,1,3
294,6,162,0,2
294,7,273,0,2
294,8,283,1,1
294,9,285,1,2
294,10,174,1,3
294,11,146,1,2
294,12,175,1,3
295,1,285,1,3
295,2,224,1,2
295,3,162,1,1
295,4,234,1,1
295,5,186,1,3
295,6,161,1,1
295,7,265,1,2
295,8,204,1,2
295,9,154,0,1
295,10,274,1,2
295,11,291,1,2
295,12,164,1,2
296,1,212,1,1
296,2,242,0,1
296,3,230,1,2
296,4,232,1,3
296,5,269,1,3
296,6,171,0,3
296,7,237,1,1
296,8,142,0,3
296,9,234,1,1
296,10,288,1,2
296,11,292,1,1
296,12,171,1,1
297,1,214,1,2
297,2,274,1,2
297,3,250,1,2
297,4,267,1,2
297,5,245,1,1
297,6,300,1,3
297,7,168,1,2
297,8,174,1,1
297,9,265,1,3
297,10,287,1,2
297,11,289,1,1
297,12,168,1,2
298,1,132,1,2
298,2,163,0,3
298,3,231,1,1
298,4,288,1,2
298,5,148,1,3
298,6,184,0,3
298,7,121,1,3
298,8,273,1,3
298,9,204,1,1
298,10,240,1,2
298,11,169,1,3
298,12,259,1,1
299,1,290,1,2
299,2,196,1,2
299,3,228,1,1
299,4,205,0,1
299,5,188,1,1
299,6,124,1,1
299,7,178,0,2
299,8,167,1,1
299,9,262,1,2
299,10,121,0,2
299,11,191,1,1
299,12,249,1,1
300,1,124,0,2
300,2,236,1,2
300,3,201,1,2
300,4,164,1,1
300,5,280,1,2
300,6,161,1,2
300,7,218,1,2
300,8,143,1,2
300,9,280,1,3
300,10,254,1,3
300,11,293,1,2
300,12,242,0,3
301,1,167,0,1
301,2,136,1,2
301,3,184,0,2
301,4,141,1,2
301,5,293,1,1
301,6,184,0,3
301,7,151,0,1
301,8,152,1,2
301,9,230,1,2
301,10,261,1,3
301,11,212,0,1
301,12,145,1,3
302,1,128,0,3
302,2,260,1,3
302,3,274,1,3
302,4,237,1,3
302,5,143,0,1
302,6,153,1,1
302,7,259,1,2
302,8,298,0,2
302,9,233,1,3
302,10,288,0,3
302,11,155,1,2
302,12,272,0,1
303,1,223,1,2
303,2,184,1,3
303,3,128,1,3
303,4,206,1,1
303,5,134,0,1
303,6,182,1,1
303,7,134,0,1
303,8,285,0,3
303,9,274,1,2
303,10,198,0,1
303,11,178,1,2
303,12,186,1,2
304,1,156,1,1
304,2,160,1,2
304,3,186,1,1
304,4,200,1,3
304,5,202,1,2
304,6,121,1,3
304,7,146,1,3
304,8,258,1,3
304,9,239,1,3
304,10,288,1,1
304,11,196,1,2
304,12,290,1,3
305,1,284,0,2
305,2,143,1,1
305,3,239,1,2
305,4,196,1,3
305,5,238,1,3
305,6,253,1,3
305,7,147,0,2
305,8,272,1,3
305,9,198,1,3
305,10,296,1,2
305,11,187,1,3
305,12,251,1,2
306,1,297,0,2
306,2,246,0,3
306,3,152,1,1
306,4,136,1,1
306,5,164,1,1
306,6,215,1,3
306,7,170,1,3
306,8,124,1,3
306,9,146,1,3
306,10,297,1,1
306,11,202,0,1
306,12,255,1,3
307,1,133,0,3
307,2,242,0,2
307,3,235,0,3
307,4,245,1,1
307,5,254,0,3
307,6,242,0,1
307,7,162,1,2
307,8,168,1,2
307,9,168,0,3
307,10,219,1,3
307,11,269,0,3
307,12,240,1,2
308,1,129,1,1
308,2,112,1,1
308,3,120,1,3
308,4,119,1,3
308,5,106,0,3
308,6,228,1,3
308,7,132,1,1
308,8,14,1,0
308,9,146,0,2
308,10,78,1,2
308,11,52,1,2
308,12,83,1,1
309,1,217,1,3
309,2,241,0,2
309,3,115,0,3
309,4,186,1,1
309,5,109,1,3
309,6,91,1,1
309,7,133,1,2
309,8,80,1,3
309,9,112,1,1
309,10,88,1,2
309,11,112,0,2
309,12,28,1,0
310,1,177,1,2
310,2,256,1,1
310,3,209,1,2
310,4,120,1,1
310,5,135,1,2
310,6,15,1,0
310,7,148,1,1
310,8,117,1,3
310,9,110,1,3
310,10,0,1,0
310,11,47,1,0
310,12,0,0,0
311,1,220,1,3
311,2,172,1,1
311,3,263,1,1
311,4,222,0,3
311,5,217,0,2
311,6,122,0,1
311,7,126,1,1
311,8,213,0,1
311,9,258,1,1
311,10,185,1,2
311,11,126,1,3
311,12,261,1,1
312,1,285,1,1
312,2,128,1,1
312,3,225,1,1
312,4,285,1,2
312,5,138,0,2
312,6,242,1,2
312,7,278,1,3
312,8,298,1,1
312,9,227,1,2
312,10,295,1,2
312,11,199,1,1
312,12,281,1,3
313,1,165,1,1
313,2,182,1,3
313,3,209,1,2
313,4,228,1,2
313,5,236,1,3
313,6,292,1,2
313,7,206,1,1
313,8,285,0,3
313,9,126,1,2
313,10,222,1,2
313,11,220,0,1
313,12,258,1,3
314,1,143,1,3
314,2,156,1,1
314,3,242,0,1
314,4,197,1,2
314,5,167,1,3
314,6,200,1,3
314,7,155,1,1
314,8,36,1,0
314,9,37,1,0
314,10,25,1,0
314,11,29,1,0
314,12,0,0,0
315,1,190,1,2
315,2,225,1,2
315,3,271,1,1
315,4,214,0,3
315,5,127,1,1
315,6,162,1,2
315,7,134,1,1
315,8,281,1,3
315,9,289,1,2
315,10,192,1,1
315,11,242,0,3
315,12,279,0,2
316,1,151,1,2
316,2,189,1,3
316,3,127,0,3
316,4,191,1,1
316,5,275,1,1
316,6,287,0,3
316,7,185,1,2
316,8,284,1,2
316,9,270,0,3
316,10,159,1,2
316,11,236,0,1
316,12,281,1,2
317,1,202,0,3
317,2,180,0,3
317,3,203,1,3
317,4,111,1,3
317,5,129,1,3
317,6,161,1,2
317,7,170,1,3
317,8,57,0,3
317,9,27,1,0
317,10,38,0,0
317,11,0,0,0
317,12,31,0,0
318,1,293,1,3
318,2,269,1,3
318,3,199,0,2
318,4,153,1,1
318,5,204,1,3
318,6,142,1,2
318,7,236,1,2
318,8,226,1,3
318,9,130,1,3
318,10,244,0,2
318,11,166,1,1
318,12,283,1,2
319,1,166,0,3
319,2,211,1,3
319,3,255,0,3
319,4,290,0,2
319,5,200,1,3
319,6,142,1,3
319,7,250,1,3
319,8,167,0,2
319,9,273,1,2
319,10,188,1,1
319,11,298,1,1
319,12,232,1,2
320,1,181,1,2
320,2,292,1,1
320,3,217,1,2
320,4,148,0,2
320,5,138,1,3
320,6,174,1,3
320,7,178,1,1
320,8,7,1,0
320,9,5,1,0
320,10,2,0,0
320,11,25,0,0
320,12,29,1,0
321,1,145,1,3
321,2,107,0,1
321,3,195,1,2
321,4,173,1,1
321,5,41,1,0
321,6,26,0,0
321,7,163,0,3
321,8,55,1,2
321,9,83,0,1
321,10,0,1,0
321,11,0,1,0
321,12,0,1,0
322,1,166,0,3
322,2,130,1,3
322,3,255,1,1
322,4,292,1,2
322,5,214,1,1
322,6,154,0,2
322,7,136,1,1
322,8,294,1,2
322,9,130,1,1
322,10,175,0,1
322,11,190,1,3
322,12,213,1,1
323,1,229,1,3
323,2,224,1,3
323,3,211,0,2
323,4,184,1,3
323,5,294,1,3
323,6,173,1,3
323,7,202,0,1
323,8,243,1,1
323,9,266,1,3
323,10,157,0,2
323,11,238,1,3
323,12,210,0,3
324,1,227,0,3
324,2,258,0,1
324,3,178,1,1
324,4,188,1,1
324,5,139,1,3
324,6,222,1,3
324,7,42,1,0
324,8,10,1,0
324,9,69,0,2
324,10,30,0,0
324,11,106,1,3
324,12,17,1,0
325,1,165,0,3
325,2,173,0,2
325,3,234,1,2
325,4,279,1,3
325,5,284,1,1
325,6,234,1,2
325,7,173,1,1
325,8,13,1,0
325,9,25,1,0
325,10,38,1,0
325,11,29,1,0
325,12,17,1,0
326,1,162,1,2
326,2,293,1,1
326,3,265,0,3
326,4,265,1,3
326,5,177,0,2
326,6,141,1,3
326,7,268,1,2
326,8,288,1,1
326,9,221,1,3
326,10,129,1,1
326,11,198,1,2
326,12,249,1,3
327,1,215,1,1
327,2,280,1,1
327,3,234,0,2
327,4,146,1,2
327,5,248,1,1
327,6,240,1,3
327,7,243,0,2
327,8,286,1,1
327,9,159,1,3
327,10,236,1,2
327,11,250,1,3
327,12,190,1,3
328,1,212,1,3
328,2,226,1,1
328,3,251,1,2
328,4,290,1,1
328,5,246,0,2
328,6,172,1,2
328,7,255,1,1
328,8,21,1,0
328,9,8,0,0
328,10,22,1,0
328,11,9,1,0
328,12,31,1,0
329,1,206,0,3
329,2,206,1,3
329,3,173,1,2
329,4,149,1,1
329,5,222,1,1
329,6,198,0,1
329,7,219,1,3
329,8,149,1,2
329,9,196,1,2
329,10,213,1,1
329,11,280,0,3
329,12,187,1,1
330,1,268,1,1
330,2,269,1,3
330,3,166,1,1
330,4,226,1,1
330,5,290,1,2
330,6,150,1,3
330,7,126,1,1
330,8,192,1,2
330,9,175,1,2
330,10,202,1,2
330,11,170,1,2
330,12,273,1,3
331,1,130,1,2
331,2,196,1,3
331,3,280,1,1
331,4,169,0,1
331,5,165,1,2
331,6,138,1,1
331,7,256,1,2
331,8,290,1,1
331,9,181,0,1
331,10,181,1,2
331,11,235,1,1
331,12,268,1,3
332,1,163,1,1
332,2,246,1,1
332,3,245,1,2
332,4,161,1,2
332,5,82,0,1
332,6,61,0,2
332,7,125,1,1
332,8,83,1,3
332,9,0,0,0
332,10,0,1,0
332,11,168,1,1
332,12,0,1,0
333,1,121,1,3
333,2,282,1,2
333,3,281,1,2
333,4,149,0,2
333,5,183,1,2
333,6,233,0,3
333,7,153,1,3
333,8,210,1,1
333,9,260,0,1
333,10,172,1,1
333,11,237,1,2
333,12,206,1,2
334,1,298,1,2
334,2,128,1,1
334,3,145,1,1
334,4,194,0,1
334,5,259,0,1
334,6,251,1,2
334,7,256,0,1
334,8,199,1,2
334,9,267,1,2
334,10,286,1,2
334,11,221,1,1
334,12,273,1,3
335,1,223,1,2
335,2,295,1,2
335,3,125,1,3
335,4,178,1,3
335,5,190,1,3
335,6,171,1,2
335,7,238,0,1
335,8,175,0,3
335,9,150,1,1
335,10,140,1,2
335,11,131,1,1
335,12,202,1,3
336,1,166,1,1
336,2,285,1,3
336,3,167,1,2
336,4,253,1,1
336,5,262,1,3
336,6,256,0,2
336,7,252,1,1
336,8,167,0,3
336,9,159,1,1
336,10,231,1,1
336,11,224,0,2
336,12,150,1,3
337,1,248,1,1
337,2,143,0,2
337,3,292,0,3
337,4,216,1,3
337,5,262,1,1
337,6,127,0,1
337,7,297,1,2
337,8,254,1,1
337,9,228,1,2
337,10,266,1,1
337,11,276,1,2
337,12,155,1,3
338,1,289,1,1
338,2,190,1,2
338,3,258,0,2
338,4,197,1,2
338,5,179,1,3
338,6,148,0,2
338,7,238,1,1
338,8,122,1,2
338,9,134,1,1
338,10,249,1,3
338,11,174,1,2
338,12,158,1,2
339,1,248,1,2
339,2,176,1,1
339,3,136,1,2
339,4,163,1,2
339,5,184,1,2
339,6,225,0,1
339,7,139,0,1
339,8,151,1,3
339,9,131,1,1
339,10,252,1,2
339,11,231,0,1
339,12,192,1,2
340,1,127,1,3
340,2,235,0,2
340,3,278,1,2
340,4,243,1,3
340,5,212,1,1
340,6,120,1,2
340,7,299,1,3
340,8,215,1,2
340,9,173,1,3
340,10,177,1,1
340,11,139,1,1
340,12,294,1,3
341,1,201,1,3
341,2,242,1,3
341,3,173,0,2
341,4,196,1,3
341,5,174,0,2
341,6,127,1,2
341,7,145,1,2
341,8,265,0,1
341,9,136,0,3
341,10,170,1,3
341,11,220,1,1
341,12,128,1,3
342,1,199,1,2
342,2,201,1,3
342,3,235,0,2
342,4,166,0,2
342,5,158,0,2
342,6,225,1,2
342,7,239,1,3
342,8,148,1,1
342,9,278,1,3
342,10,296,0,1
342,11,257,0,3
342,12,155,1,3
343,1,259,0,1
343,2,288,1,2
343,3,206,1,2
343,4,149,1,1
343,5,235,0,2
343,6,148,1,3
343,7,253,0,1
343,8,266,1,2
343,9,213,1,2
343,10,123,1,3
343,11,289,1,2
343,12,264,0,2
344,1,268,0,1
344,2,254,1,1
344,3,248,1,3
344,4,150,0,1
344,5,69,0,1
344,6,102,1,1
344,7,142,1,2
344,8,116,0,2
344,9,18,0,0
344,10,106,0,1
344,11,18,1,0
344,12,0,1,0
345,1,198,1,1
345,2,289,0,2
345,3,211,1,3
345,4,232,1,1
345,5,158,1,1
345,6,171,1,2
345,7,179,1,1
345,8,139,1,2
345,9,152,1,3
345,10,135,1,1
345,11,128,0,1
345,12,224,1,2
346,1,250,1,2
346,2,185,1,2
346,3,236,1,3
346,4,57,1,2
346,5,143,1,1
346,6,214,1,2
346,7,47,1,0
346,8,173,1,1
346,9,93,1,3
346,10,0,1,0
346,11,0,0,0
346,12,126,0,2
347,1,135,1,3
347,2,189,1,1
347,3,210,1,3
347,4,199,1,2
347,5,239,1,2
347,6,151,1,3
347,7,268,1,2
347,8,160,1,1
347,9,172,1,1
347,10,219,1,2
347,11,164,1,2
347,12,154,0,2
348,1,277,1,1
348,2,93,1,1
348,3,218,1,3
348,4,191,1,3
348,5,233,1,1
348,6,98,1,2
348,7,223,1,2
348,8,132,0,2
348,9,145,0,1
348,10,131,1,2
348,11,0,1,0
348,12,7,1,0
349,1,129,1,1
349,2,234,1,3
349,3,224,1,1
349,4,218,1,3
349,5,204,1,3
349,6,130,1,3
349,7,133,1,3
349,8,180,1,2
349,9,276,1,3
349,10,287,1,2
349,11,251,1,2
349,12,128,1,1
350,1,297,0,3
350,2,129,1,1
350,3,270,1,3
350,4,148,1,3
350,5,266,0,1
350,6,145,0,2
350,7,127,1,3
350,8,17,0,0
350,9,14,1,0
350,10,39,1,0
350,11,14,1,0
350,12,31,0,0
351,1,152,0,2
351,2,193,0,1
351,3,235,1,2
351,4,150,1,1
351,5,189,1,2
351,6,193,0,1
351,7,135,1,1
351,8,271,1,3
351,9,272,1,3
351,10,227,1,1
351,11,189,0,2
351,12,296,1,1
352,1,246,1,3
352,2,191,0,2
352,3,199,1,1
352,4,196,1,1
352,5,263,1,2
352,6,249,1,3
352,7,267,0,2
352,8,291,1,3
352,9,138,1,1
352,10,207,1,2
352,11,151,1,3
352,12,289,0,2
353,1,139,1,2
353,2,211,1,3
353,3,277,1,3
353,4,201,1,1
353,5,188,1,3
353,6,142,1,3
353,7,129,0,1
353,8,142,1,1
353,9,237,1,3
353,10,137,0,3
353,11,273,1,3
353,12,273,1,2
354,1,137,0,3
354,2,118,1,1
354,3,210,1,1
354,4,240,1,1
354,5,92,1,2
354,6,134,1,3
354,7,191,1,1
354,8,58,1,3
354,9,95,1,1
354,10,55,1,3
354,11,153,1,1
354,12,0,1,0
355,1,285,1,3
355,2,222,1,2
355,3,164,1,3
355,4,236,1,1
355,5,138,1,2
355,6,189,0,1
355,7,205,0,3
355,8,6,1,0
355,9,31,0,0
355,10,24,1,0
355,11,4,1,0
355,12,1,1,0
356,1,154,0,3
356,2,256,1,1
356,3,143,1,1
356,4,282,1,2
356,5,168,0,3
356,6,201,1,2
356,7,280,1,2
356,8,272,1,1
356,9,193,1,3
356,10,294,1,2
356,11,253,1,1
356,12,254,1,3
357,1,121,1,1
357,2,176,1,3
357,3,275,1,1
357,4,147,0,3
357,5,236,0,2
357,6,182,1,1
357,7,140,1,1
357,8,138,1,2
357,9,275,1,3
357,10,208,1,1
357,11,232,1,2
357,12,187,1,2
358,1,236,0,3
358,2,295,1,3
358,3,181,1,2
358,4,209,1,1
358,5,195,0,3
358,6,222,1,1
358,7,295,1,3
358,8,233,1,1
358,9,291,1,3
358,10,120,0,2
358,11,229,1,2
358,12,241,0,2
359,1,279,1,2
359,2,127,1,1
359,3,203,1,3
359,4,269,1,1
359,5,209,1,3
359,6,189,1,3
359,7,272,1,3
359,8,227,1,1
359,9,244,1,2
359,10,177,1,2
359,11,245,1,2
359,12,180,1,3
360,1,161,1,3
360,2,206,1,2
360,3,137,0,3
360,4,192,1,1
360,5,171,1,1
360,6,276,1,1
360,7,132,1,3
360,8,280,1,3
360,9,273,0,1
360,10,168,1,2
360,11,297,1,3
360,12,297,1,3
361,1,197,1,1
361,2,280,1,1
361,3,219,1,3
361,4,255,1,1
361,5,297,0,3
361,6,140,1,3
361,7,235,1,3
361,8,279,1,1
361,9,130,0,1
361,10,180,0,3
361,11,285,1,3
361,12,135,1,3
362,1,162,1,2
362,2,155,1,2
362,3,213,1,3
362,4,167,0,3
362,5,291,1,3
362,6,144,1,1
362,7,280,0,2
362,8,130,1,3
362,9,246,1,3
362,10,208,1,3
362,11,209,1,3
362,12,261,1,1
363,1,167,1,3
363,2,218,1,1
363,3,200,1,2
363,4,249,0,1
363,5,180,1,3
363,6,175,1,1
363,7,292,1,3
363,8,144,0,2
363,9,287,1,2
363,10,130,1,1
363,11,228,1,2
363,12,191,1,1
364,1,274,1,2
364,2,207,0,2
364,3,278,1,1
364,4,135,1,2
364,5,123,1,1
364,6,128,0,1
364,7,198,1,3
364,8,128,1,1
364,9,232,1,3
364,10,164,1,1
364,11,205,0,3
364,12,268,1,1
365,1,239,1,3
365,2,279,1,2
365,3,216,1,1
365,4,240,1,2
365,5,262,1,1
365,6,132,1,2
365,7,235,0,2
365,8,255,1,3
365,9,213,0,3
365,10,120,1,3
365,11,158,0,2
365,12,228,1,2
366,1,207,1,3
366,2,265,1,2
366,3,147,1,2
366,4,179,1,2
366,5,246,1,2
366,6,168,0,1
366,7,144,1,3
366,8,212,0,2
366,9,223,0,2
366,10,284,1,3
366,11,219,0,1
366,12,174,1,2
367,1,229,1,1
367,2,124,1,3
367,3,121,1,1
367,4,194,1,1
367,5,207,0,3
367,6,253,1,2
367,7,255,1,3
367,8,165,1,2
367,9,202,1,2
367,10,248,1,2
367,11,232,1,2
367,12,266,1,2
368,1,263,1,1
368,2,151,0,3
368,3,202,1,2
368,4,164,1,3
368,5,238,1,2
368,6,227,1,1
368,7,164,1,3
368,8,199,0,3
368,9,288,0,2
368,10,236,1,3
368,11,166,1,3
368,12,199,1,3
369,1,264,1,3
369,2,120,1,2
369,3,215,0,3
369,4,161,0,1
369,5,289,1,3
369,6,193,1,2
369,7,235,0,2
369,8,132,1,3
369,9,257,1,1
369,10,166,0,3
369,11,243,1,2
369,12,204,1,2
370,1,128,1,2
370,2,152,1,3
370,3,194,1,2
370,4,147,1,3
370,5,283,1,1
370,6,230,0,2
370,7,129,1,1
370,8,145,1,3
370,9,182,1,1
370,10,222,0,3
370,11,270,0,1
370,12,145,1,2
371,1,136,0,1
371,2,162,0,3
371,3,175,1,1
371,4,280,1,1
371,5,293,1,2
371,6,129,1,2
371,7,272,1,3
371,8,258,0,3
371,9,262,0,1
371,10,228,1,2
371,11,189,1,3
371,12,270,1,3
372,1,142,1,3
372,2,167,1,1
372,3,101,1,3
372,4,144,1,3
372,5,180,0,1
372,6,77,1,3
372,7,84,1,3
372,8,166,1,1
372,9,53,1,2
372,10,44,1,0
372,11,0,1,0
372,12,0,1,0
373,1,199,1,3
373,2,275,1,3
373,3,234,1,3
373,4,261,1,2
373,5,185,1,2
373,6,211,0,3
373,7,285,1,3
373,8,227,1,2
373,9,239,1,3
373,10,235,0,3
373,11,289,1,3
373,12,242,1,3
374,1,203,0,3
374,2,249,1,2
374,3,277,1,2
374,4,246,1,2
374,5,143,1,1
374,6,289,1,3
374,7,215,1,1
374,8,279,0,3
374,9,174,0,2
374,10,217,1,1
374,11,260,1,3
374,12,255,1,2
375,1,280,1,3
375,2,250,0,3
375,3,226,1,2
375,4,129,0,2
375,5,173,1,2
375,6,194,0,1
375,7,296,1,2
375,8,28,1,0
375,9,9,0,0
375,10,35,1,0
375,11,11,1,0
375,12,32,1,0
376,1,128,1,3
376,2,157,1,2
376,3,272,0,2
376,4,297,1,3
376,5,183,1,2
376,6,185,0,2
376,7,249,1,1
376,8,183,1,3
376,9,282,0,2
376,10,203,1,1
376,11,236,1,1
376,12,206,1,3
377,1,150,1,1
377,2,255,1,3
377,3,206,1,1
377,4,157,1,3
377,5,291,1,2
377,6,168,0,1
377,7,231,1,2
377,8,292,1,2
377,9,203,0,1
377,10,202,0,1
377,11,159,1,3
377,12,239,0,2
378,1,280,1,2
378,2,203,1,2
378,3,148,1,2
378,4,132,1,3
378,5,291,1,2
378,6,123,1,2
378,7,287,1,3
378,8,226,1,1
378,9,203,1,1
378,10,297,1,1
378,11,164,1,1
378,12,171,1,1
379,1,144,1,2
379,2,131,1,2
379,3,239,1,3
379,4,224,1,2
379,5,195,1,3
379,6,146,0,3
379,7,227,0,1
379,8,191,1,2
379,9,193,1,2
379,10,169,0,3
379,11,202,1,2
379,12,281,1,1
380,1,266,1,2
380,2,295,1,3
380,3,292,1,2
380,4,193,0,1
380,5,183,1,3
380,6,298,1,1
380,7,210,1,1
380,8,222,0,1
380,9,156,1,3
380,10,259,1,2
380,11,221,1,2
380,12,160,1,1
381,1,260,1,3
381,2,100,1,3
381,3,89,0,1
381,4,228,1,2
381,5,233,1,3
381,6,12,0,0
381,7,208,1,1
381,8,81,1,1
381,9,35,1,0
381,10,0,1,0
381,11,27,1,0
381,12,103,1,3
382,1,212,1,1
382,2,214,0,1
382,3,126,1,2
382,4,169,1,1
382,5,189,1,2
382,6,173,1,2
382,7,252,0,3
382,8,256,1,3
382,9,134,1,2
382,10,254,1,2
382,11,181,1,2
382,12,211,1,1
383,1,161,0,3
383,2,226,0,1
383,3,279,1,3
383,4,132,0,2
383,5,182,1,3
383,6,121,1,1
383,7,245,0,1
383,8,144,1,2
383,9,134,1,3
383,10,294,1,3
383,11,140,1,3
383,12,283,0,2
384,1,279,1,3
384,2,242,1,3
384,3,145,0,1
384,4,281,1,3
384,5,258,1,1
384,6,224,0,3
384,7,197,1,1
384,8,219,1,3
384,9,182,0,2
384,10,263,0,3
384,11,159,1,2
384,12,238,1,3
385,1,270,1,3
385,2,201,1,3
385,3,171,1,1
385,4,148,0,2
385,5,279,1,3
385,6,188,0,2
385,7,261,0,1
385,8,274,1,2
385,9,297,1,1
385,10,187,0,3
385,11,150,1,2
385,12,269,1,3
386,1,276,1,1
386,2,200,1,2
386,3,153,1,2
386,4,134,1,3
386,5,154,0,2
386,6,186,1,2
386,7,201,1,1
386,8,283,1,3
386,9,294,0,2
386,10,160,1,3
386,11,145,1,1
386,12,133,1,2
387,1,149,1,2
387,2,150,1,1
387,3,218,0,2
387,4,122,1,3
387,5,217,0,1
387,6,137,1,2
387,7,4,1,0
387,8,125,1,3
387,9,68,1,3
387,10,118,1,2
387,11,32,1,0
387,12,79,1,2
388,1,182,1,2
388,2,272,1,1
388,3,242,1,3
388,4,236,1,1
388,5,249,1,1
388,6,294,1,2
388,7,248,1,3
388,8,130,1,3
388,9,165,1,3
388,10,296,0,1
388,11,188,1,2
388,12,187,1,1
389,1,226,1,2
389,2,299,1,1
389,3,177,1,3
389,4,231,1,2
389,5,269,0,3
389,6,252,1,1
389,7,140,0,3
389,8,181,1,1
389,9,296,1,3
389,10,203,1,3
389,11,134,0,3
389,12,127,1,2
390,1,210,1,1
390,2,146,1,1
390,3,190,1,3
390,4,230,1,1
390,5,173,0,3
390,6,183,0,2
390,7,215,0,3
390,8,176,1,3
390,9,67,1,3
390,10,0,1,0
390,11,10,1,0
390,12,0,0,0
391,1,269,1,2
391,2,272,1,3
391,3,260,1,1
391,4,225,1,2
391,5,202,1,2
391,6,131,0,2
391,7,254,1,2
391,8,157,1,2
391,9,177,0,2
391,10,208,1,2
391,11,275,1,1
391,12,244,1,2
392,1,200,1,2
392,2,274,1,1
392,3,125,0,1
392,4,296,0,3
392,5,241,0,2
392,6,135,1,3
392,7,238,1,2
392,8,142,1,1
392,9,177,1,1
392,10,225,1,1
392,11,212,0,2
392,12,220,1,3
393,1,238,1,2
393,2,251,1,2
393,3,298,0,1
393,4,225,0,3
393,5,134,1,3
393,6,266,1,1
393,7,287,1,2
393,8,217,0,1
393,9,289,1,2
393,10,209,1,2
393,11,254,1,3
393,12,271,1,2
394,1,142,1,3
394,2,278,1,1
394,3,211,1,2
394,4,222,1,1
394,5,194,1,3
394,6,291,0,3
394,7,238,0,3
394,8,173,1,2
394,9,230,0,3
394,10,269,1,1
394,11,173,0,2
394,12,204,1,3
395,1,142,1,2
395,2,230,1,2
395,3,160,0,1
395,4,240,1,2
395,5,258,1,1
395,6,176,1,3
395,7,121,1,1
395,8,160,1,1
395,9,147,1,1
395,10,197,1,3
395,11,128,1,3
395,12,158,1,3
396,1,260,1,2
396,2,123,1,3
396,3,197,1,2
396,4,124,1,1
396,5,134,0,1
396,6,170,1,3
396,7,125,1,2
396,8,123,1,1
396,9,146,0,1
396,10,246,1,1
396,11,294,0,1
396,12,293,1,1
397,1,184,1,1
397,2,168,1,3
397,3,150,0,1
397,4,151,1,1
397,5,238,0,3
397,6,248,0,3
397,7,153,1,2
397,8,121,1,1
397,9,161,0,3
397,10,165,1,2
397,11,131,1,2
397,12,164,0,2
398,1,223,1,1
398,2,156,1,1
398,3,272,1,3
398,4,271,0,1
398,5,185,0,2
398,6,122,1,2
398,7,184,1,1
398,8,238,1,1
398,9,150,0,1
398,10,167,1,3
398,11,222,1,1
398,12,189,1,2
399,1,153,1,2
399,2,206,0,1
399,3,198,0,1
399,4,170,1,2
399,5,203,0,1
399,6,144,1,3
399,7,284,1,1
399,8,151,1,3
399,9,228,1,3
399,10,261,1,1
399,11,275,1,2
399,12,241,1,2
400,1,208,1,1
400,2,174,1,3
400,3,123,1,2
400,4,180,1,2
400,5,172,1,1
400,6,239,1,1
400,7,268,0,1
400,8,199,1,2
400,9,132,1,2
400,10,154,1,1
400,11,200,1,3
400,12,215,1,2
401,1,139,0,1
401,2,122,0,2
401,3,277,1,3
401,4,124,1,2
401,5,127,1,3
401,6,203,1,1
401,7,229,1,2
401,8,187,1,1
401,9,208,1,1
401,10,136,0,2
401,11,200,1,2
401,12,160,1,3
402,1,154,0,3
402,2,164,1,1
402,3,208,1,3
402,4,210,1,2
402,5,300,1,2
402,6,182,0,3
402,7,136,1,3
402,8,299,1,1
402,9,231,1,2
402,10,204,1,1
402,11,184,1,1
402,12,202,1,2
403,1,278,1,3
403,2,295,1,2
403,3,136,1,1
403,4,227,1,2
403,5,240,0,2
403,6,209,1,1
403,7,124,1,1
403,8,200,1,3
403,9,267,1,1
403,10,184,1,3
403,11,256,1,1
403,12,260,1,2
404,1,139,1,2
404,2,199,1,1
404,3,182,1,1
404,4,180,0,3
404,5,163,0,2
404,6,156,0,3
404,7,150,1,2
404,8,167,1,3
404,9,92,1,2
404,10,0,1,0
404,11,81,0,1
404,12,0,1,0
405,1,124,1,2
405,2,222,1,3
405,3,286,1,3
405,4,130,1,2
405,5,136,0,3
405,6,209,1,3
405,7,170,1,1
405,8,217,1,3
405,9,170,1,2
405,10,225,0,2
405,11,205,1,1
405,12,225,0,1
406,1,244,0,2
406,2,118,1,2
406,3,129,1,1
406,4,159,0,1
406,5,140,1,3
406,6,130,1,1
406,7,63,1,2
406,8,98,0,1
406,9,160,1,2
406,10,37,1,0
406,11,0,0,0
406,12,0,1,0
407,1,271,1,1
407,2,144,1,2
407,3,168,1,3
407,4,132,1,3
407,5,237,0,1
407,6,137,1,2
407,7,241,1,2
407,8,298,0,1
407,9,146,1,3
407,10,231,1,2
407,11,195,1,1
407,12,138,1,1
408,1,184,1,1
408,2,288,1,3
408,3,296,1,2
408,4,260,1,3
408,5,188,1,1
408,6,168,1,2
408,7,153,1,3
408,8,161,1,1
408,9,276,1,1
408,10,200,1,2
408,11,230,0,2
408,12,178,0,1
409,1,294,1,2
409,2,284,1,1
409,3,214,1,2
409,4,255,1,2
409,5,142,1,2
409,6,137,0,1
409,7,181,0,3
409,8,147,1,3
409,9,173,1,2
409,10,129,0,1
409,11,234,1,2
409,12,158,0,2
410,1,269,0,1
410,2,149,1,3
410,3,174,1,3
410,4,237,1,3
410,5,124,0,1
410,6,164,1,1
410,7,162,1,1
410,8,142,0,3
410,9,231,0,1
410,10,183,1,1
410,11,129,1,1
410,12,187,0,2
411,1,255,0,2
411,2,226,1,3
411,3,134,1,2
411,4,119,1,3
411,5,103,1,1
411,6,140,1,2
411,7,26,1,0
411,8,75,1,1
411,9,121,1,3
411,10,107,1,1
411,11,33,1,0
411,12,5,1,0
412,1,261,1,1
412,2,153,1,2
412,3,121,1,3
412,4,194,0,3
412,5,264,1,1
412,6,235,1,1
412,7,262,1,1
412,8,132,0,3
412,9,255,1,2
412,10,285,0,1
412,11,222,1,3
412,12,179,0,2
413,1,183,1,2
413,2,165,1,1
413,3,290,1,3
413,4,239,1,2
413,5,281,0,3
413,6,203,1,1
413,7,211,1,1
413,8,161,1,1
413,9,272,1,3
413,10,254,0,2
413,11,162,1,2
413,12,199,1,2
414,1,291,1,3
414,2,130,1,1
414,3,228,0,1
414,4,258,1,3
414,5,201,1,1
414,6,165,1,3
414,7,123,1,2
414,8,264,1,1
414,9,244,1,3
414,10,191,1,1
414,11,261,1,1
414,12,276,0,1
415,1,130,1,3
415,2,180,0,3
415,3,201,1,1
415,4,161,1,1
415,5,234,1,1
415,6,150,1,1
415,7,197,1,1
415,8,25,1,0
415,9,35,1,0
415,10,19,1,0
415,11,30,1,0
415,12,28,1,0
416,1,288,1,2
416,2,289,1,3
416,3,193,1,2
416,4,256,1,1
416,5,242,1,1
416,6,167,0,2
416,7,234,0,3
416,8,189,1,1
416,9,255,1,3
416,10,223,1,2
416,11,167,0,1
416,12,199,0,1
417,1,262,0,2
417,2,130,1,2
417,3,212,0,2
417,4,146,1,2
417,5,285,1,3
417,6,165,0,1
417,7,120,1,1
417,8,182,1,1
417,9,124,0,1
417,10,190,0,2
417,11,283,1,2
417,12,123,1,1
418,1,246,0,3
418,2,151,1,1
418,3,226,1,2
418,4,133,1,2
418,5,200,1,3
418,6,161,1,1
418,7,172,1,1
418,8,270,1,3
418,9,248,1,3
418,10,141,1,1
418,11,251,1,1
418,12,144,1,1
419,1,135,1,3
419,2,211,1,1
419,3,246,1,1
419,4,128,1,1
419,5,182,1,3
419,6,260,1,2
419,7,183,1,2
419,8,204,0,1
419,9,278,1,2
419,10,156,1,2
419,11,187,0,2
419,12,135,1,3
420,1,132,1,1
420,2,169,1,2
420,3,168,0,3
420,4,158,1,3
420,5,225,0,3
420,6,285,1,3
420,7,145,1,2
420,8,171,1,3
420,9,147,0,1
420,10,155,0,2
420,11,287,1,3
420,12,238,0,2
421,1,217,1,3
421,2,171,1,3
421,3,180,0,1
421,4,251,1,2
421,5,207,0,2
421,6,268,1,3
421,7,233,0,3
421,8,201,1,3
421,9,131,1,2
421,10,153,1,1
421,11,131,0,2
421,12,171,0,2
422,1,200,1,2
422,2,187,1,3
422,3,142,0,1
422,4,295,1,1
422,5,202,0,2
422,6,226,1,3
422,7,181,1,2
422,8,276,1,1
422,9,262,1,1
422,10,261,1,1
422,11,213,1,2
422,12,240,0,3
423,1,233,1,2
423,2,138,1,1
423,3,142,0,1
423,4,225,0,1
423,5,162,1,2
423,6,181,0,3
423,7,245,0,2
423,8,240,1,3
423,9,167,1,2
423,10,245,0,2
423,11,191,0,1
423,12,268,1,3
424,1,196,1,2
424,2,152,0,1
424,3,195,0,1
424,4,214,1,3
424,5,122,1,3
424,6,249,1,2
424,7,123,1,1
424,8,299,0,3
424,9,223,1,3
424,10,189,1,3
424,11,216,0,3
424,12,150,1,3
425,1,199,1,2
425,2,217,1,3
425,3,282,0,2
425,4,161,1,3
425,5,186,0,1
425,6,152,1,3
425,7,294,0,1
425,8,190,1,2
425,9,133,1,2
425,10,133,1,3
425,11,223,1,1
425,12,203,1,2
426,1,202,0,3
426,2,197,1,3
426,3,220,0,3
426,4,125,0,3
426,5,102,1,1
426,6,132,1,3
426,7,140,1,1
426,8,69,1,1
426,9,145,1,3
426,10,115,1,2
426,11,0,1,0
426,12,0,0,0
427,1,256,1,3
427,2,172,0,1
427,3,230,0,1
427,4,291,1,1
427,5,246,0,1
427,6,234,1,3
427,7,223,1,2
427,8,228,1,2
427,9,239,1,2
427,10,164,1,3
427,11,278,1,1
427,12,267,1,3
428,1,261,0,2
428,2,288,0,2
428,3,220,0,2
428,4,226,1,2
428,5,297,1,3
428,6,271,1,1
428,7,126,1,3
428,8,175,1,1
428,9,190,0,1
428,10,193,1,1
428,11,133,1,1
428,12,180,1,1
429,1,222,1,1
429,2,172,1,1
429,3,171,1,1
429,4,181,1,1
429,5,157,1,2
429,6,249,1,2
429,7,140,1,1
429,8,256,0,2
429,9,155,1,3
429,10,166,0,1
429,11,216,1,3
429,12,271,1,1
430,1,287,0,3
430,2,187,1,2
430,3,262,1,2
430,4,285,1,3
430,5,172,1,3
430,6,123,1,2
430,7,222,1,3
430,8,204,1,1
430,9,249,0,3
430,10,212,1,3
430,11,242,1,3
430,12,179,0,2
431,1,234,1,3
431,2,222,0,2
431,3,123,1,1
431,4,273,0,2
431,5,182,1,2
431,6,154,0,3
431,7,177,0,1
431,8,261,1,2
431,9,139,1,3
431,10,227,0,2
431,11,205,0,1
431,12,297,1,2
432,1,127,1,1
432,2,125,1,2
432,3,165,1,2
432,4,188,0,3
432,5,181,0,1
432,6,266,0,1
432,7,263,0,1
432,8,226,1,1
432,9,191,0,2
432,10,158,1,3
432,11,137,0,1
432,12,278,1,3
433,1,143,1,3
433,2,120,0,3
433,3,164,1,1
433,4,112,1,1
433,5,179,1,3
433,6,190,1,3
433,7,64,1,2
433,8,159,1,2
433,9,79,0,1
433,10,161,1,2
433,11,0,1,0
433,12,0,0,0
434,1,232,1,3
434,2,249,0,1
434,3,180,1,1
434,4,184,1,3
434,5,270,1,1
434,6,283,0,3
434,7,162,1,3
434,8,221,1,2
434,9,188,1,2
434,10,130,1,1
434,11,247,1,3
434,12,277,1,3
435,1,245,0,3
435,2,258,1,3
435,3,282,1,2
435,4,155,1,1
435,5,252,1,2
435,6,245,1,3
435,7,184,1,1
435,8,289,1,1
435,9,265,1,1
435,10,155,1,2
435,11,163,1,3
435,12,166,1,3
436,1,193,1,2
436,2,295,1,3
436,3,181,0,2
436,4,232,0,2
436,5,229,1,1
436,6,155,1,2
436,7,227,1,2
436,8,296,1,3
436,9,121,1,2
436,10,132,1,3
436,11,239,1,2
436,12,131,0,3
437,1,289,1,2
437,2,203,1,2
437,3,248,1,3
437,4,175,0,2
437,5,196,1,1
437,6,124,1,2
437,7,136,1,2
437,8,198,1,1
437,9,132,1,2
437,10,227,1,1
437,11,170,1,2
437,12,275,1,3
438,1,292,1,3
438,2,142,0,2
438,3,125,1,2
438,4,126,1,2
438,5,140,1,1
438,6,244,1,1
438,7,128,0,1
438,8,226,1,3
438,9,230,1,2
438,10,232,1,2
438,11,284,1,3
438,12,206,1,2
439,1,152,1,3
439,2,194,1,1
439,3,220,1,3
439,4,284,1,3
439,5,293,0,1
439,6,181,1,3
439,7,293,1,2
439,8,157,0,2
439,9,164,1,2
439,10,183,1,1
439,11,194,1,2
439,12,231,1,3
440,1,245,0,3
440,2,236,1,2
440,3,235,1,2
440,4,238,0,1
440,5,262,1,1
440,6,276,1,2
440,7,124,1,3
440,8,196,1,2
440,9,189,1,2
440,10,270,1,3
440,11,268,1,3
440,12,266,1,3
441,1,125,1,3
441,2,121,1,2
441,3,172,1,3
441,4,292,1,3
441,5,223,1,1
441,6,128,1,1
441,7,249,0,2
441,8,123,1,1
441,9,216,1,3
441,10,280,0,3
441,11,198,1,3
441,12,237,1,3
442,1,166,1,3
442,2,194,1,1
442,3,156,1,2
442,4,121,1,3
442,5,247,1,3
442,6,183,0,3
442,7,164,1,3
442,8,183,1,2
442,9,295,0,1
442,10,249,0,3
442,11,243,1,2
442,12,155,1,1
443,1,168,0,1
443,2,283,0,1
443,3,143,0,2
443,4,289,1,2
443,5,172,0,2
443,6,133,1,2
443,7,126,1,1
443,8,249,1,3
443,9,223,1,2
443,10,167,1,3
443,11,191,1,3
443,12,257,1,2
444,1,221,1,1
444,2,265,1,3
444,3,179,1,1
444,4,203,0,1
444,5,108,0,2
444,6,101,1,2
444,7,82,0,1
444,8,124,0,1
444,9,156,0,1
444,10,19,1,0
444,11,149,1,1
444,12,108,0,1
445,1,119,1,3
445,2,96,1,2
445,3,238,1,2
445,4,60,1,3
445,5,131,1,3
445,6,171,0,2
445,7,91,1,3
445,8,131,1,2
445,9,83,0,1
445,10,108,1,2
445,11,0,1,0
445,12,0,0,0
446,1,131,1,1
446,2,194,1,3
446,3,156,1,2
446,4,151,0,2
446,5,229,1,3
446,6,125,1,2
446,7,269,1,2
446,8,170,1,2
446,9,129,1,2
446,10,233,0,2
446,11,195,1,2
446,12,252,1,2
447,1,272,1,3
447,2,259,1,3
447,3,152,1,1
447,4,131,1,3
447,5,141,1,3
447,6,154,1,3
447,7,159,1,2
447,8,231,1,3
447,9,242,1,2
447,10,254,1,3
447,11,171,1,2
447,12,238,1,3
448,1,177,1,2
448,2,101,1,2
448,3,98,1,3
448,4,164,1,1
448,5,201,1,2
448,6,125,1,1
448,7,20,1,0
448,8,34,1,0
448,9,43,0,0
448,10,37,1,0
448,11,0,1,0
448,12,13,0,0
449,1,254,1,3
449,2,138,1,1
449,3,157,1,1
449,4,234,1,1
449,5,274,1,2
449,6,281,1,3
449,7,134,1,2
449,8,134,1,3
449,9,125,1,3
449,10,169,1,1
449,11,199,0,1
449,12,162,0,1
450,1,228,1,1
450,2,248,1,1
450,3,182,1,2
450,4,246,1,2
450,5,175,1,1
450,6,234,1,3
450,7,225,1,2
450,8,185,0,2
450,9,150,1,3
450,10,164,1,1
450,11,229,1,3
450,12,278,1,2
451,1,149,1,3
451,2,129,1,3
451,3,233,1,2
451,4,277,1,1
451,5,120,1,1
451,6,219,1,1
451,7,171,1,1
451,8,218,1,1
451,9,276,0,3
451,10,172,0,2
451,11,144,1,1
451,12,175,1,2
452,1,276,1,2
452,2,128,1,2
452,3,139,1,3
452,4,148,1,1
452,5,212,1,3
452,6,247,0,3
452,7,127,1,3
452,8,139,1,1
452,9,249,1,2
452,10,159,1,3
452,11,223,1,2
452,12,204,1,2
453,1,142,1,1
453,2,180,1,2
453,3,223,1,3
453,4,268,1,3
453,5,208,1,1
453,6,137,1,1
453,7,227,1,2
453,8,261,0,2
453,9,133,1,1
453,10,226,1,1
453,11,232,0,3
453,12,190,0,1
454,1,178,1,2
454,2,299,1,3
454,3,152,1,1
454,4,213,1,2
454,5,274,1,3
454,6,147,1,3
454,7,201,1,1
454,8,225,0,1
454,9,232,1,3
454,10,145,1,1
454,11,273,1,3
454,12,157,0,3
455,1,277,0,3
455,2,298,1,1
455,3,165,1,1
455,4,175,1,1
455,5,250,1,1
455,6,212,1,1
455,7,263,1,2
455,8,171,0,1
455,9,221,1,3
455,10,197,1,2
455,11,233,1,2
455,12,140,1,3
456,1,294,1,1
456,2,148,1,1
456,3,238,1,2
456,4,295,1,3
456,5,141,1,1
456,6,240,0,2
456,7,261,0,2
456,8,260,1,3
456,9,286,1,1
456,10,205,1,3
456,11,124,1,3
456,12,174,1,1
457,1,280,0,2
457,2,215,0,3
457,3,253,1,3
457,4,162,1,3
457,5,143,1,3
457,6,200,1,2
457,7,298,1,1
457,8,255,1,1
457,9,277,1,2
457,10,177,1,2
457,11,267,0,3
457,12,251,1,3
458,1,238,1,3
458,2,204,0,2
458,3,244,1,2
458,4,65,0,2
458,5,128,1,2
458,6,122,0,1
458,7,175,1,1
458,8,25,0,0
458,9,175,0,1
458,10,161,1,1
458,11,0,1,0
458,12,0,1,0
459,1,247,1,2
459,2,253,0,1
459,3,269,1,2
459,4,131,1,1
459,5,132,0,2
459,6,154,1,1
459,7,134,1,1
459,8,167,1,1
459,9,140,1,3
459,10,183,0,1
459,11,280,1,1
459,12,297,0,2
460,1,153,1,1
460,2,240,1,3
460,3,236,0,2
460,4,53,0,2
460,5,196,1,2
460,6,61,1,3
460,7,85,1,3
460,8,110,1,2
460,9,104,1,3
460,10,54,0,2
460,11,136,0,1
460,12,0,1,0
461,1,212,0,2
461,2,291,1,1
461,3,162,1,2
461,4,286,1,1
461,5,234,0,2
461,6,124,0,1
461,7,174,1,3
461,8,286,0,1
461,9,209,1,2
461,10,299,1,2
461,11,143,1,1
461,12,255,1,2
462,1,234,1,1
462,2,250,1,2
462,3,143,1,2
462,4,256,1,3
462,5,245,1,2
462,6,188,0,1
462,7,280,1,2
462,8,247,1,1
462,9,239,1,3
462,10,218,1,3
462,11,206,1,3
462,12,242,1,3
463,1,136,1,1
463,2,150,1,1
463,3,124,0,3
463,4,266,1,2
463,5,226,1,3
463,6,226,0,3
463,7,209,1,3
463,8,25,0,0
463,9,4,1,0
463,10,6,1,0
463,11,38,1,0
463,12,40,1,0
464,1,262,1,2
464,2,207,1,3
464,3,193,1,2
464,4,176,1,2
464,5,155,1,3
464,6,124,1,3
464,7,264,1,3
464,8,137,1,1
464,9,192,1,2
464,10,211,1,2
464,11,222,1,3
464,12,142,1,3
465,1,184,1,3
465,2,250,0,3
465,3,300,1,1
465,4,261,1,2
465,5,124,1,2
465,6,230,0,2
465,7,287,1,3
465,8,166,1,2
465,9,266,1,2
465,10,122,1,1
465,11,236,1,1
465,12,154,0,2
466,1,176,1,3
466,2,275,0,2
466,3,246,1,3
466,4,221,1,3
466,5,182,1,3
466,6,208,1,2
466,7,124,1,1
466,8,229,1,2
466,9,230,0,3
466,10,133,1,1
466,11,154,1,2
466,12,245,0,1
467,1,231,1,2
467,2,208,1,3
467,3,270,1,3
467,4,208,1,3
467,5,232,1,2
467,6,133,1,2
467,7,155,1,1
467,8,156,1,2
467,9,126,0,2
467,10,254,1,3
467,11,198,0,2
467,12,213,1,3
468,1,160,1,1
468,2,140,1,3
468,3,261,1,1
468,4,296,1,3
468,5,224,1,1
468,6,151,1,2
468,7,276,1,2
468,8,296,1,3
468,9,128,1,1
468,10,217,1,2
468,11,291,1,1
468,12,220,1,2
469,1,233,0,3
469,2,260,1,2
469,3,206,1,3
469,4,135,1,3
469,5,149,1,1
469,6,271,1,2
469,7,183,0,1
469,8,162,1,1
469,9,253,0,2
469,10,226,1,1
469,11,125,1,1
469,12,191,1,3
470,1,256,1,2
470,2,153,0,3
470,3,137,1,3
470,4,204,1,3
470,5,277,1,3
470,6,168,1,3
470,7,123,0,1
470,8,217,1,3
470,9,289,0,2
470,10,193,1,3
470,11,233,1,1
470,12,246,1,1
471,1,140,1,3
471,2,262,1,1
471,3,210,1,1
471,4,271,0,1
471,5,263,0,2
471,6,166,1,2
471,7,215,1,1
471,8,212,1,3
471,9,129,1,1
471,10,130,1,3
471,11,189,0,1
471,12,206,0,3
472,1,155,0,3
472,2,195,1,3
472,3,166,0,2
472,4,195,0,1
472,5,182,0,1
472,6,274,0,3
472,7,151,1,3
472,8,205,1,3
472,9,260,0,2
472,10,260,1,1
472,11,282,1,3
472,12,245,1,1
473,1,152,0,3
473,2,120,1,1
473,3,300,1,1
473,4,144,1,2
473,5,193,1,3
473,6,249,1,2
473,7,189,1,1
473,8,216,1,2
473,9,249,1,3
473,10,265,0,2
473,11,259,1,1
473,12,275,1,3
474,1,246,1,2
474,2,195,1,2
474,3,234,1,3
474,4,299,1,3
474,5,280,1,2
474,6,164,0,1
474,7,258,1,3
474,8,142,1,3
474,9,186,1,3
474,10,281,1,1
474,11,267,1,3
474,12,161,1,2
475,1,122,1,2
475,2,288,1,1
475,3,293,1,2
475,4,258,1,2
475,5,159,0,3
475,6,262,1,1
475,7,141,1,1
475,8,285,1,1
475,9,184,1,2
475,10,178,1,3
475,11,263,0,1
475,12,221,1,1
476,1,169,0,1
476,2,169,1,2
476,3,153,1,3
476,4,276,1,1
476,5,183,1,1
476,6,297,1,3
476,7,171,0,1
476,8,213,1,3
476,9,298,1,2
476,10,276,0,3
476,11,244,0,1
476,12,167,1,1
477,1,276,1,1
477,2,300,1,3
477,3,255,1,2
477,4,153,1,2
477,5,282,1,2
477,6,247,0,3
477,7,170,0,1
477,8,218,0,2
477,9,248,1,1
477,10,175,1,1
477,11,201,1,2
477,12,205,1,2
478,1,196,1,3
478,2,208,1,3
478,3,208,0,3
478,4,208,1,1
478,5,204,1,1
478,6,132,1,2
478,7,147,0,1
478,8,224,0,3
478,9,221,1,1
478,10,179,1,2
478,11,203,0,2
478,12,225,1,2
479,1,295,1,2
479,2,277,1,2
479,3,152,1,2
479,4,149,0,1
479,5,155,1,1
479,6,241,1,2
479,7,211,1,2
479,8,184,1,2
479,9,128,1,2
479,10,240,1,2
479,11,167,1,2
479,12,286,1,1
480,1,231,1,3
480,2,236,1,2
480,3,153,1,2
480,4,85,1,2
480,5,136,1,2
480,6,44,1,0
480,7,28,1,0
480,8,6,1,0
480,9,125,1,1
480,10,51,1,2
480,11,16,1,0
480,12,84,1,2
481,1,198,1,3
481,2,233,0,3
481,3,126,1,2
481,4,237,1,1
481,5,199,1,3
481,6,248,0,1
481,7,198,1,3
481,8,229,1,1
481,9,166,1,3
481,10,127,1,2
481,11,207,1,2
481,12,217,1,1
482,1,269,1,1
482,2,278,1,1
482,3,219,1,2
482,4,183,1,2
482,5,169,1,2
482,6,283,1,3
482,7,281,1,2
482,8,167,1,2
482,9,161,1,1
482,10,240,1,3
482,11,149,1,1
482,12,167,1,1
483,1,264,1,2
483,2,135,1,1
483,3,269,0,2
483,4,209,1,2
483,5,224,1,2
483,6,251,1,3
483,7,182,1,2
483,8,199,0,3
483,9,216,1,3
483,10,266,1,1
483,11,173,1,2
483,12,249,1,2
484,1,204,1,2
484,2,192,1,2
484,3,121,0,3
484,4,255,1,2
484,5,165,1,3
484,6,242,1,2
484,7,242,1,1
484,8,139,1,1
484,9,136,1,1
484,10,286,1,2
484,11,210,1,3
484,12,268,1,1
485,1,232,0,2
485,2,80,1,1
485,3,189,1,3
485,4,235,0,2
485,5,70,0,2
485,6,135,1,2
485,7,111,1,3
485,8,157,1,3
485,9,124,1,2
485,10,46,1,0
485,11,51,1,3
485,12,0,1,0
486,1,142,0,1
486,2,236,1,2
486,3,263,1,3
486,4,277,1,2
486,5,271,1,1
486,6,127,0,2
486,7,138,1,2
486,8,183,1,2
486,9,136,1,2
486,10,186,1,2
486,11,248,1,1
486,12,272,0,3
487,1,188,1,1
487,2,137,0,2
487,3,152,1,2
487,4,197,0,1
487,5,183,1,3
487,6,270,1,3
487,7,155,1,2
487,8,196,1,2
487,9,271,0,3
487,10,171,1,3
487,11,195,1,1
487,12,223,1,3
488,1,151,1,3
488,2,139,0,1
488,3,248,1,1
488,4,218,1,2
488,5,285,0,2
488,6,244,1,3
488,7,169,0,2
488,8,271,1,1
488,9,223,1,3
488,10,195,1,2
488,11,215,1,2
488,12,218,0,1
489,1,269,1,2
489,2,264,0,2
489,3,253,0,3
489,4,201,1,1
489,5,255,1,3
489,6,266,1,1
489,7,263,1,2
489,8,192,1,1
489,9,188,1,2
489,10,229,1,1
489,11,236,1,3
489,12,250,0,1
490,1,121,0,1
490,2,142,0,1
490,3,204,1,1
490,4,172,1,3
490,5,183,1,1
490,6,166,1,3
490,7,214,1,2
490,8,261,1,2
490,9,275,1,1
490,10,173,1,2
490,11,226,1,2
490,12,266,1,1
491,1,240,1,3
491,2,203,1,1
491,3,240,1,2
491,4,275,0,2
491,5,288,0,3
491,6,259,1,3
491,7,233,0,2
491,8,179,1,2
491,9,263,0,2
491,10,196,1,1
491,11,215,1,2
491,12,269,0,2
492,1,159,1,2
492,2,152,1,3
492,3,127,1,3
492,4,258,1,1
492,5,127,0,1
492,6,225,0,3
492,7,173,1,2
492,8,218,1,1
492,9,260,1,2
492,10,121,1,2
492,11,265,1,3
492,12,173,1,2
493,1,280,0,2
493,2,235,1,2
493,3,155,0,1
493,4,128,1,3
493,5,128,1,1
493,6,294,1,2
493,7,208,1,1
493,8,226,1,1
493,9,250,0,3
493,10,206,0,1
493,11,164,1,1
493,12,184,1,3
494,1,173,1,1
494,2,208,0,3
494,3,215,1,2
494,4,261,1,2
494,5,196,0,1
494,6,259,1,2
494,7,228,1,2
494,8,221,1,2
494,9,234,1,1
494,10,154,1,1
494,11,167,1,2
494,12,209,1,3
495,1,281,1,3
495,2,218,1,3
495,3,188,1,2
495,4,207,0,3
495,5,262,0,2
495,6,146,1,3
495,7,176,0,3
495,8,255,1,3
495,9,221,1,1
495,10,280,0,1
495,11,192,0,1
495,12,189,1,1
496,1,196,1,3
496,2,292,1,2
496,3,300,1,3
496,4,222,1,2
496,5,171,1,2
496,6,289,1,1
496,7,296,1,3
496,8,173,1,2
496,9,132,1,3
496,10,262,1,3
496,11,283,1,3
496,12,237,1,2
497,1,208,0,2
497,2,256,1,3
497,3,172,1,1
497,4,111,1,1
497,5,188,1,2
497,6,197,1,3
497,7,82,1,1
497,8,171,1,3
497,9,0,1,0
497,10,42,1,0
497,11,16,1,0
497,12,58,1,2
498,1,266,0,3
498,2,238,1,2
498,3,258,1,1
498,4,170,1,1
498,5,269,1,2
498,6,251,1,3
498,7,180,0,1
498,8,245,1,3
498,9,258,1,1
498,10,166,1,1
498,11,257,1,2
498,12,154,1,2
499,1,191,1,3
499,2,182,1,3
499,3,213,1,3
499,4,287,1,1
499,5,132,1,1
499,6,264,1,1
499,7,199,1,3
499,8,153,0,2
499,9,256,1,1
499,10,204,1,1
499,11,265,1,1
499,12,146,1,2
500,1,296,1,3
500,2,280,1,2
500,3,263,0,2
500,4,159,1,2
500,5,152,1,1
500,6,284,0,3
500,7,200,1,3
500,8,277,1,2
500,9,271,1,1
500,10,192,0,2
500,11,178,1,1
500,12,151,1,3
